Contemporâneo,Figurativo,Pop,Moderno,Conceitual,Abstrato,Retrato,Surrealista,Outro Tema,Paisagem,Natureza,Clássico,Realista,Minimalista,Expressionista,Vintage,Streetart,Impressionista,Pintura,Gravura,Técnica Mista,Outra Técnica,Desenho,Escultura,Fotografia,Livro,Colorido,Monocromático,Size,Price,Artist,Title,Image_Url,Marketplace
True,True,True,True,True,False,False,False,False,False,False,False,False,False,False,False,False,False,True,False,False,False,False,False,False,False,True,False,1200.0,1200.0,Marcia C. Cavalcanti,Mosca,https://artsoul.nyc3.cdn.digitaloceanspaces.com/artworks/5298/dtI0arP2IpyYpyoSrDPeSh23032022065220.webp,Artsoul
True,False,False,False,False,True,False,False,False,False,False,False,False,False,False,False,False,False,False,True,False,False,False,False,False,False,True,False,3021.0,3500.0,Fabrício Lopez,Sem título,https://artsoul.nyc3.cdn.digitaloceanspaces.com/artworks/5448/hNDuY9vtCGCiYHJOfItNPd23032022070105.webp,Artsoul
False,False,False,False,False,False,False,False,False,False,False,False,False,False,False,False,False,False,False,False,False,False,False,False,False,False,False,False,3500.0,2300.0,Francisco Maringelli,"Bye, bye Dubai",https://artsoul.nyc3.cdn.digitaloceanspaces.com/artworks/10216/CB0Rqbf2SkvqXpZpwh3vRi23032022181844.webp,Artsoul
True,False,False,False,False,False,False,False,False,False,False,False,False,False,False,False,False,False,False,False,True,False,False,False,False,False,False,True,14832.0,23000.0,Anna Paola Protasio,On My Way,https://artsoul.nyc3.cdn.digitaloceanspaces.com/artworks/2474/WpoupHXqMKdhSb4IKA0xmA23032022015156.webp,Artsoul
True,False,False,False,False,False,False,False,False,False,False,False,False,False,False,False,False,False,False,False,False,True,False,False,False,False,False,False,3500.0,1950.0,ADRIANA BRZEZINSKA,Sem título,https://artsoul.nyc3.cdn.digitaloceanspaces.com/artworks/16984/88iNYieVT56DwS77YY0b6B28012023111815.webp,Artsoul
True,True,False,False,False,False,True,True,False,False,False,False,False,False,False,False,False,False,False,False,False,False,True,False,False,False,True,False,14550.0,9500.0,Fernando Cardoso,Sem Título,https://artsoul.nyc3.cdn.digitaloceanspaces.com/artworks/2604/0Yl8F0VlpYvnm1I3AyFP0l23032022020318.webp,Artsoul
True,False,False,False,False,False,False,True,False,False,False,False,False,False,False,False,False,False,False,False,False,False,False,True,False,False,False,True,560.0,3200.0,Adriana Affortunati,Bicho,https://artsoul.nyc3.cdn.digitaloceanspaces.com/artworks/16713/DpP7Yiepl7nmxx4g6jmaX701122022114408.webp,Artsoul
True,True,False,False,True,False,True,False,False,False,False,False,False,False,False,False,False,False,False,False,False,False,False,False,True,False,False,True,2478.0,1800.0,Ana Schieck,Série Genealogia (Genealogy Series) - Ana Juracema,https://artsoul.nyc3.cdn.digitaloceanspaces.com/artworks/5477/cdJMb4x8j7L3qvruYvEt3r23032022070237.webp,Artsoul
True,False,False,False,False,True,False,False,True,False,False,False,False,False,False,False,False,False,True,False,False,False,False,False,False,False,True,False,6300.0,7500.0,Uiara Bartira,Série O INATINGÍVEL,https://artsoul.nyc3.cdn.digitaloceanspaces.com/artworks/4342/YpHM8GuYQ2bmw9JEYl33m823032022044519.webp,Artsoul
True,False,False,False,True,True,False,False,True,True,True,False,False,False,False,False,False,False,False,False,False,True,False,False,False,False,True,False,13900.0,6250.0,Maria Perdigão,Jarros,https://artsoul.nyc3.cdn.digitaloceanspaces.com/artworks/5086/wCYK0xb5s84oRrX475XSm323032022064022.webp,Artsoul
False,False,False,False,False,False,False,False,False,False,False,False,False,False,False,False,False,False,False,False,False,False,False,False,False,False,False,False,21600.0,14000.0,Gabriel Nehemy,Flag 0,https://artsoul.nyc3.cdn.digitaloceanspaces.com/artworks/2193/YCHYkHRFHnvVqF9vN3K6tE23032022013014.webp,Artsoul
False,True,False,False,False,False,False,False,False,True,True,True,True,False,False,False,False,False,False,False,False,False,True,False,False,False,False,False,2000.0,1800.0,Roberta Bottcher,Bananeira de Tiradentes,https://artsoul.nyc3.cdn.digitaloceanspaces.com/artworks/16143/o3UHBCGeQ8gsTaS9ZFLzCx19082022133348.webp,Artsoul
True,False,False,False,False,False,False,False,False,False,False,False,False,False,False,False,False,False,False,False,False,True,False,False,False,False,False,False,2500.0,3750.0,Cynthia Leitão,Se acaso você soubesse,https://artsoul.nyc3.cdn.digitaloceanspaces.com/artworks/3569/g7TTUmbCCde4lFpVpvxoFz23032022035021.webp,Artsoul
False,True,False,False,False,False,False,False,False,False,False,False,False,False,False,False,False,False,False,False,False,False,False,False,False,False,False,False,1200.0,2100.0,Gabriel Augusto,Gabriel Augusto - Técnica mista sobre tela,https://artsoul.nyc3.cdn.digitaloceanspaces.com/artworks/17224/wGlaGXsg6czikifboxORWZ21032023175931.webp,Artsoul
True,False,False,False,False,False,False,False,False,False,False,False,False,False,False,False,False,False,True,False,False,False,False,False,False,False,True,False,10000.0,10000.0,Antonio Augusto Bueno,Sem título 8,https://artsoul.nyc3.cdn.digitaloceanspaces.com/artworks/10283/ZnG6ATsrUHAtvB8aSiXLtL23032022182432.webp,Artsoul
False,False,False,False,False,True,False,False,False,False,False,False,False,False,False,False,False,False,False,True,False,False,False,False,False,False,False,True,3750.0,4000.0,ROSSINI PEREZ,Plangée (Mergulhada),https://artsoul.nyc3.cdn.digitaloceanspaces.com/artworks/6956/jlxZlQoNwnElWkqQVrdH8B23032022083506.webp,Artsoul
True,True,False,False,False,False,False,False,False,False,False,False,False,False,False,False,False,False,False,True,False,False,False,False,False,False,False,True,875.0,2000.0,Magliani,Magliani - Álbum Procura-se - Xilogravura,https://artsoul.nyc3.cdn.digitaloceanspaces.com/artworks/17453/qvdaeVO60BIBKW6YC93cjT02052023160928.webp,Artsoul
True,False,False,False,False,False,False,False,False,False,False,False,False,False,False,False,False,False,False,False,False,False,False,False,False,False,False,False,1600.0,3750.0,Cynthia Leitão,Sem título,https://artsoul.nyc3.cdn.digitaloceanspaces.com/artworks/1409/JuevOYolg3vl4CHjb5ZoHK23032022001649.webp,Artsoul
True,False,False,False,False,False,False,False,False,False,False,False,False,False,False,False,False,False,True,False,False,False,False,False,False,False,True,False,3200.0,1610.0,Cenci,Surface,https://artsoul.nyc3.cdn.digitaloceanspaces.com/artworks/16648/1LwgzKEX0ipi76L6ohu8wE17112022161450.webp,Artsoul
True,False,False,False,False,True,False,False,False,False,False,False,False,True,False,False,False,False,False,True,False,False,False,False,False,False,False,True,3024.0,2400.0,Grazi Azevedo,Grid 4,https://artsoul.nyc3.cdn.digitaloceanspaces.com/artworks/4218/rQCZmRp6p4AQvvZchigBJ423032022043708.webp,Artsoul
True,False,False,False,False,True,False,False,False,False,False,False,False,True,False,False,False,False,False,True,False,False,False,False,False,False,False,True,3024.0,2400.0,Grazi Azevedo,Deriva 1,https://artsoul.nyc3.cdn.digitaloceanspaces.com/artworks/4237/lZdLrCF6JUfJaCnqoh9DFS23032022043842.webp,Artsoul
True,False,False,False,True,True,False,False,False,True,True,False,False,False,False,False,False,False,True,False,False,False,False,False,False,False,True,False,2500.0,2750.0,Carmen Givoni,Éden,https://artsoul.nyc3.cdn.digitaloceanspaces.com/artworks/4912/nFHd22QKlsyx9T5fGd5Iwu23032022062733.webp,Artsoul
True,False,False,False,False,False,False,False,False,False,False,False,False,False,False,False,False,False,False,False,False,True,False,False,False,False,False,False,2000.0,3000.0,EDUARDO BRAGANÇA,Sem título,https://artsoul.nyc3.cdn.digitaloceanspaces.com/artworks/17768/QMdGHHFd302Y4S5CGhbljH24072023170703.webp,Artsoul
True,False,False,False,False,True,False,False,True,False,False,False,False,False,False,False,False,False,False,False,True,False,False,False,False,False,True,False,3364.0,9000.0,Lu Guedes,s/ título,https://artsoul.nyc3.cdn.digitaloceanspaces.com/artworks/4060/nEteSvhqpxqnh31U0mKZmX23032022042547.webp,Artsoul
True,False,False,False,False,False,False,False,False,False,False,False,False,False,False,False,False,False,False,False,True,False,False,False,False,False,True,False,2200.0,1610.0,Nana Cunha,Babaçu,https://artsoul.nyc3.cdn.digitaloceanspaces.com/artworks/15686/Mmi6HVRSf2FncaiEtWTvpS27052022102352.webp,Artsoul
True,False,False,False,False,True,False,False,False,False,False,False,False,False,False,False,False,False,False,False,False,False,True,False,False,False,True,False,1995.0,8000.0,Lygia Eluf,Sem título,https://artsoul.nyc3.cdn.digitaloceanspaces.com/artworks/15927/oOfoNRdsyZ9yIaFUvCmJ3j27072022165641.webp,Artsoul
False,False,False,False,False,False,False,False,False,False,False,False,False,False,False,False,False,False,False,True,False,False,False,False,False,False,False,False,9204.0,11500.0,Cabral,Cabral - Litografia,https://artsoul.nyc3.cdn.digitaloceanspaces.com/artworks/6208/TjRWk8JFSHWG4BnJZt15eV23032022074337.webp,Artsoul
True,True,False,False,False,False,True,False,False,False,False,False,False,False,False,False,False,False,False,True,False,False,False,False,False,False,True,False,1950.0,3500.0,Biba Rigo,Mulher com flores e Mulher com facas,https://artsoul.nyc3.cdn.digitaloceanspaces.com/artworks/4539/PfwtzTWYEA7MAaMrCqsca023032022045833.webp,Artsoul
True,False,False,False,False,True,False,False,False,False,False,False,False,False,False,False,False,False,False,True,False,False,False,False,False,False,True,False,3172.0,3500.0,Helena Freddi,Da série Identidade Cultural,https://artsoul.nyc3.cdn.digitaloceanspaces.com/artworks/6118/ngX0RmUuvxhlQc7WIyFqGH23032022073802.webp,Artsoul
True,False,False,False,False,True,False,False,False,False,False,False,False,False,False,False,False,False,False,True,False,False,False,False,False,False,False,True,2852.0,2500.0,Alberto Martins,Sem título,https://artsoul.nyc3.cdn.digitaloceanspaces.com/artworks/6163/3HsKuRYKoJM9CBowIAY8lL23032022074038.webp,Artsoul
True,False,False,False,False,True,False,False,True,False,False,False,False,False,False,False,False,False,True,False,False,False,False,False,False,False,True,False,7200.0,6400.0,Anete Ring,Sem título - Série Flutuantes AB-11,https://artsoul.nyc3.cdn.digitaloceanspaces.com/artworks/2301/ZC47sqoCU0UCJzRj9SZvrq23032022013953.webp,Artsoul
True,False,False,False,False,False,True,False,False,True,False,False,True,False,False,False,False,False,False,False,False,False,False,False,True,False,False,True,9600.0,6000.0,David Diaz Gonzales,Señora Dominga,https://artsoul.nyc3.cdn.digitaloceanspaces.com/artworks/16511/vdCKn0zqxBpdw8tKlV3hDW14102022173658.webp,Artsoul
True,True,False,False,False,False,False,False,False,False,True,False,False,False,False,False,False,False,False,True,False,False,False,False,False,False,False,True,486.0,2000.0,Júlia Goeldi,Sem título,https://artsoul.nyc3.cdn.digitaloceanspaces.com/artworks/6086/JsLfFmB7IVBgp7q9GZhvPB23032022073613.webp,Artsoul
True,False,False,False,False,True,False,False,False,False,False,False,False,False,False,False,False,False,False,True,False,False,False,False,False,False,True,False,1925.0,6000.0,JACQUELINE ARONIS,Cosmos,https://artsoul.nyc3.cdn.digitaloceanspaces.com/artworks/15994/NcGo1jMnxnud6AUTqTI8xy05082022162720.webp,Artsoul
False,True,False,False,False,False,False,False,False,False,True,False,False,False,False,False,False,False,False,True,False,False,False,False,False,False,True,False,1734.0,2000.0,Aldemir Martins,Sem título,https://artsoul.nyc3.cdn.digitaloceanspaces.com/artworks/6831/wL4mQPm012knf0sv774PVC23032022082657.webp,Artsoul
False,False,False,False,False,False,False,False,False,False,False,False,False,False,False,False,False,False,False,False,False,False,False,False,True,False,True,False,2400.0,4000.0,Nino Cais,Nymph and Naiad,https://artsoul.nyc3.cdn.digitaloceanspaces.com/artworks/3212/4s77BHfk50ZajmhsL6AUwK23032022031539.webp,Artsoul
False,True,False,True,False,False,False,False,False,True,True,False,False,False,False,False,False,False,False,True,False,False,False,False,False,False,False,True,2014.0,3500.0,Francisco Rebolo,Sem título,https://artsoul.nyc3.cdn.digitaloceanspaces.com/artworks/5010/RiMap1jj3rCEjLBuNeQ8N012052023122134.webp,Artsoul
True,False,False,False,False,True,False,False,False,False,False,False,False,False,False,False,False,False,False,False,False,False,True,False,False,False,True,False,5846.0,7500.0,Teresa Berlinck,Jardim das Tres Orelhas,https://artsoul.nyc3.cdn.digitaloceanspaces.com/artworks/5447/okyGzV4bsDU1O8fXx2E1N623032022070102.webp,Artsoul
False,False,False,False,False,False,False,False,False,False,False,False,False,False,False,False,False,False,False,False,False,False,False,False,False,False,False,False,6693.0,7500.0,Guga Ferraz,Meninos de ouro,https://artsoul.nyc3.cdn.digitaloceanspaces.com/artworks/16059/mUn1XkHUCXkPNUH2zwkWYx10082022173735.webp,Artsoul
True,True,False,False,False,False,False,False,False,False,False,False,False,False,False,False,False,False,True,False,False,False,False,False,False,False,True,False,8000.0,20000.0,Magliani,Magliani - Na Madrugada Insone - Técnica mista,https://artsoul.nyc3.cdn.digitaloceanspaces.com/artworks/17446/H6CraQdTaBEJTvmVNR7gQy02052023154415.webp,Artsoul
True,False,False,False,False,False,False,False,False,True,True,False,False,False,True,False,False,False,False,True,False,False,False,False,False,False,True,False,2700.0,3500.0,Felipe Goes,Gravura 202210,https://artsoul.nyc3.cdn.digitaloceanspaces.com/artworks/17630/KbMyg8DMc8xdunysDPCCN015062023113354.webp,Artsoul
False,False,False,False,True,False,False,False,False,False,False,False,False,False,False,False,False,False,False,False,False,False,False,False,True,False,True,False,704.0,1500.0,marianna cury,Peaches I,https://artsoul.nyc3.cdn.digitaloceanspaces.com/artworks/17583/n1G3nzBXtYlOdlj0HesMyP25052023144324.webp,Artsoul
False,False,False,False,False,False,False,False,False,False,False,False,False,False,False,False,False,False,False,False,False,True,False,False,False,False,False,False,19200.0,19000.0,Alê Jordão,Vans Half Cab,https://artsoul.nyc3.cdn.digitaloceanspaces.com/artworks/17310/rt2oZ4GCGKOzXrmocSKGjf06042023150021.webp,Artsoul
False,False,False,False,False,False,False,False,False,False,False,False,False,False,False,False,False,False,False,False,False,True,False,False,False,False,False,False,19200.0,19000.0,Alê Jordão,Nike Dunk,https://artsoul.nyc3.cdn.digitaloceanspaces.com/artworks/17311/klXmMxQcGkZsadcOqNSPsN06042023151502.webp,Artsoul
True,True,False,False,False,False,False,False,False,False,False,False,False,False,False,False,False,False,False,True,False,False,False,False,False,False,False,True,900.0,2500.0,Lucila Sartori,Cântico,https://artsoul.nyc3.cdn.digitaloceanspaces.com/artworks/1641/eP3G9QkzeQYE2rN2HGinPC23032022004528.webp,Artsoul
False,False,False,False,False,False,False,False,False,False,False,False,False,False,False,False,False,False,False,False,False,False,False,False,False,False,False,False,2160.0,2800.0,Cristina Canepa,Sem Título,https://artsoul.nyc3.cdn.digitaloceanspaces.com/artworks/16757/1CFrg5kSm1MoWbwxGm7S9f28112022125204.webp,Artsoul
False,True,False,False,False,False,False,False,False,False,False,False,False,False,False,False,False,False,False,False,False,False,False,False,True,False,True,False,2478.0,4000.0,Thamyres Donadio,Série Altar,https://artsoul.nyc3.cdn.digitaloceanspaces.com/artworks/862/lLGaYhEfoRhiiEI310xXdD22032022222600.webp,Artsoul
True,False,False,True,True,False,False,False,True,False,False,False,False,False,False,False,False,False,False,False,False,False,False,False,True,False,True,True,8000.0,8900.0,Verônica Alkmim França,STHLM,https://artsoul.nyc3.cdn.digitaloceanspaces.com/artworks/15752/kHkvxAosVZHO9gdWwnumvS01062022132441.webp,Artsoul
True,False,True,False,True,False,False,False,True,False,False,False,False,False,False,True,False,False,False,False,False,False,False,True,False,False,True,False,1139.0,2500.0,Deneir,Amor Enroscado,https://artsoul.nyc3.cdn.digitaloceanspaces.com/artworks/5394/rKYvxJUoNiOW0VCd3Mms4a23032022065758.webp,Artsoul
False,True,False,False,False,False,False,False,False,False,False,False,False,False,False,False,False,False,False,True,False,False,False,False,False,False,True,False,7200.0,10000.0,Alberto Cedrón,Alberto Cedrón - Escultura,https://artsoul.nyc3.cdn.digitaloceanspaces.com/artworks/12294/XHAxBoytsG5YdURKEkrWrL23032022230744.webp,Artsoul
True,False,False,False,False,True,False,False,False,False,False,False,False,False,False,False,False,False,True,False,False,False,False,False,False,False,True,False,10050.0,6500.0,Jorge Ismael,03,https://artsoul.nyc3.cdn.digitaloceanspaces.com/artworks/15809/aQEV2CiFceSSaMsHkvHlVm10062022190342.webp,Artsoul
True,True,False,False,False,False,False,False,False,False,False,False,False,False,False,False,False,False,False,True,False,False,False,False,False,False,True,False,400.0,1000.0,Helena Freddi,da série Pequenos Vícios,https://artsoul.nyc3.cdn.digitaloceanspaces.com/artworks/6090/kC2Jw4VyPsLjJtqBC3JMKx23032022073627.webp,Artsoul
True,False,False,True,True,False,False,False,False,True,False,False,False,True,False,False,True,False,False,False,False,False,False,False,True,False,True,True,6600.0,8000.0,Mario Baptista,Peregrino,https://artsoul.nyc3.cdn.digitaloceanspaces.com/artworks/806/8K6vl7t1jKIRlCEhEIIbgm22032022222218.webp,Artsoul
False,False,False,False,False,True,False,False,False,False,False,False,False,False,False,False,False,False,False,False,False,False,True,False,False,False,True,False,432.0,1050.0,Gabriel Kozlowski Aragão,Pessoas 2,https://artsoul.nyc3.cdn.digitaloceanspaces.com/artworks/16668/RlOWIQWWakKCZ5saFHrg2720112022161009.webp,Artsoul
True,False,False,True,False,False,False,False,False,False,False,False,False,False,False,False,False,False,False,False,False,False,False,False,True,False,False,True,2400.0,1800.0,Tarciso de Lima,SYMMETRY,https://artsoul.nyc3.cdn.digitaloceanspaces.com/artworks/15205/tDs4ZmPwqfcOnwx4oyEXWz24032022164501.webp,Artsoul
True,False,False,False,True,False,False,False,False,False,False,False,False,False,False,False,False,False,False,False,False,False,False,False,True,False,False,True,6519.0,15000.0,Paulo Vainer,Dual #3,https://artsoul.nyc3.cdn.digitaloceanspaces.com/artworks/2900/NDaxKZC7I7qWo5t9fOBWSi23032022022809.webp,Artsoul
True,False,False,True,False,True,False,False,False,True,False,False,False,True,False,False,True,False,False,False,False,False,False,False,True,False,False,False,9600.0,8800.0,Mario Baptista,Auditório Niemeyer,https://artsoul.nyc3.cdn.digitaloceanspaces.com/artworks/17624/PAh0x6FY0SCDRfceXKFMTX14062023201455.webp,Artsoul
True,False,False,False,False,False,False,False,False,False,False,False,False,False,False,False,False,False,False,False,False,False,False,False,True,False,False,True,9600.0,7000.0,Gabriel Wickbold,Off Series #1,https://artsoul.nyc3.cdn.digitaloceanspaces.com/artworks/2350/Rv425EeXhuHwNBfbd3Dvjy23032022014316.webp,Artsoul
True,False,False,False,False,True,False,False,False,False,False,False,False,True,False,False,False,False,False,True,False,False,False,False,False,False,False,True,5985.0,4000.0,Grazi Azevedo,Luzes Urbanas 1,https://artsoul.nyc3.cdn.digitaloceanspaces.com/artworks/4233/Qv6vn3w0uQ8vDo20VFe8WV26102022113513.webp,Artsoul
True,False,False,False,False,False,False,False,False,False,False,False,False,False,False,False,False,False,True,False,False,False,False,False,False,False,True,False,3000.0,3500.0,Gabriel Nehemy,Ferrugem Unlimited 4,https://artsoul.nyc3.cdn.digitaloceanspaces.com/artworks/16787/2TKvO7kIJTbqWgt43DA39B29112022124554.webp,Artsoul
False,True,False,True,False,False,False,False,False,True,True,False,False,False,False,False,False,False,False,True,False,False,False,False,False,False,True,False,1700.0,3500.0,Francisco Rebolo,Sem título,https://artsoul.nyc3.cdn.digitaloceanspaces.com/artworks/4996/OgZtxuxklzi8lyCYAJGboX12052023102206.webp,Artsoul
True,False,False,False,False,False,False,False,False,False,False,False,False,False,False,False,False,False,False,False,False,False,False,False,True,False,True,False,1350.0,5200.0,Rafael Adorján,RELIGARE 02,https://artsoul.nyc3.cdn.digitaloceanspaces.com/artworks/176/5Kyj8xR0cg1q7xqNc5LFwD22032022201939.webp,Artsoul
True,False,False,True,False,True,False,False,False,False,False,False,False,False,False,False,False,False,True,False,False,False,False,False,False,False,True,False,1200.0,900.0,Sa Passos,Deep Purple,https://artsoul.nyc3.cdn.digitaloceanspaces.com/artworks/17647/MmdUqXydibI1Z77uhWlWyK20062023114921.webp,Artsoul
True,False,False,False,False,True,False,False,False,False,False,False,False,True,False,False,False,False,False,True,False,False,False,False,False,False,False,True,1600.0,2000.0,AUGUSTO SAMPAIO,Componentes Gráficos (série),https://artsoul.nyc3.cdn.digitaloceanspaces.com/artworks/6862/22BSSolFBLiA8BWcU5MRQ423032022082937.webp,Artsoul
True,True,False,False,False,True,False,False,True,False,False,False,False,False,False,False,False,False,False,False,True,False,False,False,False,False,True,False,3500.0,4000.0,Sissi Kleuser,Clave de Fa,https://artsoul.nyc3.cdn.digitaloceanspaces.com/artworks/4986/zlF7EUUa1XdY48lQii4GDS23032022063257.webp,Artsoul
True,False,False,False,False,False,False,False,False,False,False,False,False,False,False,False,False,False,False,False,False,False,False,False,True,False,False,False,1632.0,2000.0,Yedda Affini dos Santos,Ayabá,https://artsoul.nyc3.cdn.digitaloceanspaces.com/artworks/702/G3XatU9ZlmKUy5rX2YV2Jt22032022214721.webp,Artsoul
False,False,False,False,False,False,False,False,False,True,True,False,False,False,False,False,False,False,False,False,False,False,False,False,True,False,True,False,6400.0,5000.0,Valéria khouri,Série : Viagem Ao Centro Da Terra,https://artsoul.nyc3.cdn.digitaloceanspaces.com/artworks/16938/rTrzW6hIJggAavP3loDlsT13012023083819.webp,Artsoul
True,False,False,False,True,True,False,False,False,True,True,False,False,True,False,False,False,True,False,False,True,False,False,False,False,False,True,True,10527.0,4500.0,Guto Goulart,sem título-Série Abstratos (Untitled-Abstract Series),https://artsoul.nyc3.cdn.digitaloceanspaces.com/artworks/4147/GLCHiU8YB5FHT3249lgII023032022043127.webp,Artsoul
False,False,False,False,False,False,False,False,False,False,False,False,False,False,False,False,False,False,False,False,False,False,False,False,True,False,False,False,2500.0,5000.0,Rodrigo Gontijo,No Meio do Redemunho,https://artsoul.nyc3.cdn.digitaloceanspaces.com/artworks/17062/ZtLCywiETV9ZDxjIXQhEPh01032023171245.webp,Artsoul
True,False,False,False,False,True,False,False,False,False,False,False,False,False,False,False,False,False,False,True,False,False,False,False,False,False,False,True,900.0,4000.0,Marco Buti,Sem título 2,https://artsoul.nyc3.cdn.digitaloceanspaces.com/artworks/3119/3uBO6ctxmcSdOcpR5sYFmi23032022030636.webp,Artsoul
False,False,False,False,False,False,False,False,False,False,True,False,False,False,False,False,False,False,False,False,False,False,False,True,False,False,False,True,10720.0,30000.0,ITELVINO JAHN,Itelvino Jahn - Escultura,https://artsoul.nyc3.cdn.digitaloceanspaces.com/artworks/12206/hjWbjGTwqk5HqrVFDUhBJZ23032022230050.webp,Artsoul
True,False,False,False,False,True,False,False,False,False,False,False,False,False,False,False,False,False,False,True,False,False,False,False,False,False,True,False,8736.0,6000.0,Diô Viana,0414M,https://artsoul.nyc3.cdn.digitaloceanspaces.com/artworks/7563/JTploTFs6pCPTTnHEtCPFV23032022101246.webp,Artsoul
False,False,False,False,False,False,False,False,False,False,False,False,False,False,False,False,False,False,False,False,False,False,False,True,False,False,False,False,3600.0,14000.0,Narcélio Grud,Tulipa,https://artsoul.nyc3.cdn.digitaloceanspaces.com/artworks/17312/S64Gnk0hJRw7l5SoOqj2jX06042023153907.webp,Artsoul
False,False,False,False,False,True,False,False,False,False,False,False,False,False,False,False,False,False,True,False,False,False,False,False,False,False,True,False,4275.0,12000.0,Cabral,Cabral - sem título,https://artsoul.nyc3.cdn.digitaloceanspaces.com/artworks/17693/CZGU4pYJaQ67uZEHRwrRg630062023142911.webp,Artsoul
True,False,False,False,False,False,False,False,False,False,False,False,False,False,False,False,False,False,False,False,False,False,False,False,True,False,True,False,1260.0,1800.0,Ana Schieck,Corn; série Edible Nature,https://artsoul.nyc3.cdn.digitaloceanspaces.com/artworks/1155/PoqPBTAyMCslsqTVrg4tVz22032022233109.webp,Artsoul
False,False,False,False,False,True,False,False,False,False,False,False,False,False,False,False,False,False,False,True,False,False,False,False,False,False,False,True,5670.0,5000.0,ROSSINI PEREZ,Tonsurada,https://artsoul.nyc3.cdn.digitaloceanspaces.com/artworks/510/4xXnuitrfM2UQW5AHjn8Uo22032022211937.webp,Artsoul
True,False,False,False,False,False,False,False,False,False,False,False,False,False,False,False,False,False,False,False,False,False,False,True,False,False,True,False,4050.0,9000.0,Renato Dib,Casulo Andrógino: Nose,https://artsoul.nyc3.cdn.digitaloceanspaces.com/artworks/244/CRm4E0JbomrSK6mhlJPLWI22032022203623.webp,Artsoul
True,False,False,False,False,False,False,False,False,False,False,False,False,False,False,False,False,False,False,True,False,False,False,False,False,False,False,True,4225.0,3500.0,Paulo Camillo Penna,"Nau, Torax",https://artsoul.nyc3.cdn.digitaloceanspaces.com/artworks/9180/CPhYZEMz4ROTIGjeVTWxFM23032022115004.webp,Artsoul
True,True,False,False,False,False,True,False,False,True,False,False,False,False,False,False,False,False,False,False,False,False,True,False,False,False,True,False,1353.0,4500.0,Teresa Berlinck,"Vernacular, Livro Aberto",https://artsoul.nyc3.cdn.digitaloceanspaces.com/artworks/6710/oMN1iognIIjk2F3xNuaXTI23032022081921.webp,Artsoul
True,False,False,False,False,True,False,False,True,False,False,False,False,False,False,False,False,False,False,False,False,True,False,False,False,False,False,True,1344.0,1750.0,José Rocha,Ressurreição,https://artsoul.nyc3.cdn.digitaloceanspaces.com/artworks/5130/JBXDgK6KQ4xBYXhFSY1dzW23032022064253.webp,Artsoul
True,True,True,False,False,False,True,False,False,False,False,False,False,False,True,False,False,False,False,True,False,False,False,False,False,False,True,False,2322.0,2000.0,Claudio Caropreso,Sem título,https://artsoul.nyc3.cdn.digitaloceanspaces.com/artworks/4694/yMjO8tikimpUYLrazI3ZSx23032022054316.webp,Artsoul
True,False,False,False,False,False,False,False,False,True,False,False,False,False,False,False,False,False,True,False,False,False,False,False,False,False,True,False,2500.0,4000.0,Anete Ring,Névoa de Nadas 2,https://artsoul.nyc3.cdn.digitaloceanspaces.com/artworks/2131/iMpme6M1E9pAuG5m4BSfva23032022012449.webp,Artsoul
True,True,True,False,False,False,True,False,False,False,False,False,False,False,False,False,False,False,False,True,False,False,False,False,False,False,False,True,2420.0,2000.0,Claudio Caropreso,Felix 1,https://artsoul.nyc3.cdn.digitaloceanspaces.com/artworks/2037/25u8jnJUF6MehZhD4Frxtj23032022011724.webp,Artsoul
True,False,False,True,False,True,False,False,True,False,False,True,False,False,False,False,False,False,True,False,False,False,False,False,False,False,True,False,6300.0,7500.0,Uiara Bartira,Série O INATINGÍVEL,https://artsoul.nyc3.cdn.digitaloceanspaces.com/artworks/4337/ZD26dnkABa47k70qNJCQcL23032022044501.webp,Artsoul
True,False,False,False,False,False,False,False,False,False,True,False,False,False,False,False,False,False,False,False,False,False,False,False,True,False,False,True,1584.0,2000.0,Tarciso de Lima,The Dance,https://artsoul.nyc3.cdn.digitaloceanspaces.com/artworks/16961/2xZwcwmi6jFf7KkJPEY4Bi19012023161814.webp,Artsoul
True,True,False,False,False,False,True,False,False,False,False,False,False,False,False,False,False,False,False,True,False,False,False,False,False,False,True,False,1950.0,3500.0,Biba Rigo,Mulher com flores e Mulher com facas,https://artsoul.nyc3.cdn.digitaloceanspaces.com/artworks/4539/PfwtzTWYEA7MAaMrCqsca023032022045833.webp,Artsoul
False,True,False,True,False,False,False,False,False,False,True,False,False,False,False,False,False,False,False,True,False,False,False,False,False,False,True,False,2067.0,3500.0,Francisco Rebolo,Sem título,https://artsoul.nyc3.cdn.digitaloceanspaces.com/artworks/5015/fcfBZ2KXA4XyX76WzQL5nG12052023122727.webp,Artsoul
False,False,False,False,False,False,False,False,False,False,False,False,False,False,False,False,False,False,False,False,False,False,False,False,False,False,False,False,2500.0,1450.0,ADRIANA BRZEZINSKA,Sem título,https://artsoul.nyc3.cdn.digitaloceanspaces.com/artworks/16988/3f8ZYgiyGfBt6AMdMFHWhb28012023114830.webp,Artsoul
True,False,False,False,False,False,False,False,False,False,False,False,False,True,False,False,False,False,False,True,False,False,False,False,False,False,False,True,5184.0,3000.0,Arnaldo Battaglini,Sem título,https://artsoul.nyc3.cdn.digitaloceanspaces.com/artworks/7574/XpL5Lmypgbh83Jt7o6r9Hp23032022101320.webp,Artsoul
True,True,False,False,False,False,False,True,False,True,False,False,False,False,False,False,False,False,False,True,False,False,False,False,False,False,True,False,1014.0,2000.0,Alex Cerveny,Trio,https://artsoul.nyc3.cdn.digitaloceanspaces.com/artworks/2860/20asb19Ueb8UI9tIJwQfIf06072023101428.webp,Artsoul
True,False,False,False,False,False,False,False,False,False,False,False,False,False,False,False,False,False,True,False,False,False,False,False,False,False,True,False,31250.0,21875.0,Gabriel Nehemy,Sem Título,https://artsoul.nyc3.cdn.digitaloceanspaces.com/artworks/763/qvYmcvZvViVkNUYA19OKX522032022221923.webp,Artsoul
True,False,False,False,False,False,False,False,False,False,False,False,False,False,False,False,False,False,False,True,False,False,False,False,False,False,True,False,2464.0,2000.0,Rita Manhães,Antes de virar vento,https://artsoul.nyc3.cdn.digitaloceanspaces.com/artworks/17338/02vw25kUVCtIcCZy0fMvb313042023172124.webp,Artsoul
True,False,False,False,False,False,False,False,False,False,False,False,False,False,False,False,False,False,False,False,True,False,False,False,False,False,True,False,2200.0,1610.0,Nana Cunha,Macauba,https://artsoul.nyc3.cdn.digitaloceanspaces.com/artworks/15675/5I732ewzRzgJ5WkCO3KQjW26052022150539.webp,Artsoul
True,False,False,False,False,True,False,False,False,False,False,False,False,True,False,False,False,False,False,False,False,True,False,False,False,False,True,False,825.0,750.0,Ana Morche,RAÍZES ANCESTRAIS I,https://artsoul.nyc3.cdn.digitaloceanspaces.com/artworks/4955/WYLNozVMu7SON77Z1BNuhN23032022063118.webp,Artsoul
True,False,False,False,False,False,False,False,False,False,False,False,False,False,False,False,False,False,False,False,False,False,False,False,True,False,True,False,10000.0,16000.0,Gabriel Wickbold,Off Series #16,https://artsoul.nyc3.cdn.digitaloceanspaces.com/artworks/2336/tvgh22z6VHpCFXuazPAxxN23032022014222.webp,Artsoul
False,False,False,False,False,True,False,False,False,False,False,False,False,False,False,False,False,False,True,False,False,False,False,False,False,False,True,False,2365.0,4500.0,Myriam Glatt,ARQUIMETRIA 1,https://artsoul.nyc3.cdn.digitaloceanspaces.com/artworks/15392/ZtbM5Xq7exjXT6XPSEi2i119042022114717.webp,Artsoul
True,False,False,False,False,True,False,False,False,False,True,False,False,False,False,False,False,False,True,False,False,False,False,False,False,False,False,False,1200.0,800.0,Ilda Fuchshuber Falacio,Ventania,https://artsoul.nyc3.cdn.digitaloceanspaces.com/artworks/17733/oh0rmni7qxrp83IDC3bq9J10072023165022.webp,Artsoul
False,False,False,False,False,False,False,False,False,False,False,False,False,False,False,False,False,False,False,False,False,False,False,True,False,False,False,False,1190.0,3860.0,Daniela Cutait,La Rasta Marine,https://artsoul.nyc3.cdn.digitaloceanspaces.com/artworks/17574/VUE18tRlDO2vwBn7b3RQJZ22052023190240.webp,Artsoul
True,True,False,False,True,False,True,False,False,False,False,False,False,False,False,False,False,False,False,False,False,False,True,False,False,False,False,True,2478.0,3000.0,Rosi Baetas,Movendo para a esquerda,https://artsoul.nyc3.cdn.digitaloceanspaces.com/artworks/5230/VyvdVwy0udXVBUCJVnNYJY23032022064833.webp,Artsoul
True,False,False,False,False,False,False,False,False,False,False,False,False,False,False,False,False,False,False,False,False,False,False,False,False,False,False,False,7125.0,6200.0,EDUARDO BRAGANÇA,És o Amarelo Amanhecer em Mim,https://artsoul.nyc3.cdn.digitaloceanspaces.com/artworks/1707/DMiuAzm5pbjuQJIXCpOf4823032022005013.webp,Artsoul
True,False,False,False,False,True,False,False,False,False,False,False,False,True,False,False,False,False,False,True,False,False,False,False,False,False,False,True,2304.0,1600.0,Grazi Azevedo,Vazio 2,https://artsoul.nyc3.cdn.digitaloceanspaces.com/artworks/4228/0AV5ItXSevwOVLHZBBxb6223032022043802.webp,Artsoul
True,True,False,False,False,False,False,False,False,False,False,False,False,False,False,False,False,False,True,False,False,False,False,False,False,False,True,False,2500.0,9000.0,Magliani,Magliani - Pintura,https://artsoul.nyc3.cdn.digitaloceanspaces.com/artworks/17470/nSef7wf1Z9yATigjjyJiXo02052023182434.webp,Artsoul
True,False,False,False,False,False,False,False,False,False,False,False,False,False,False,False,False,False,False,False,False,False,False,True,False,False,False,True,429.0,2400.0,Dalton Costa,Dalton Costa - Assemblage,https://artsoul.nyc3.cdn.digitaloceanspaces.com/artworks/12140/3cXYagqMAQiCMcmzlCZ8L623032022200613.webp,Artsoul
True,False,False,False,True,True,False,False,True,True,True,False,False,False,False,False,False,False,False,False,True,False,False,False,False,False,True,True,22400.0,8000.0,Raquel Camacho,Contaminar,https://artsoul.nyc3.cdn.digitaloceanspaces.com/artworks/5243/FXTYXOZlsdJPXwk3IeYFOr23032022064915.webp,Artsoul
True,False,False,False,False,True,False,False,False,True,True,False,False,False,False,False,False,False,True,False,False,False,False,False,False,False,True,False,19000.0,8300.0,Bruno Lyra,A Dança Leve,https://artsoul.nyc3.cdn.digitaloceanspaces.com/artworks/17559/iRoVQHcdSXh6KaXE63EbTJ22052023113600.webp,Artsoul
False,False,False,False,False,True,False,False,False,False,False,False,False,False,False,False,False,False,False,True,False,False,False,False,False,False,False,True,2220.0,5000.0,ROSSINI PEREZ,Cais,https://artsoul.nyc3.cdn.digitaloceanspaces.com/artworks/508/EQ82kkn1fnp2y6DjAom0hC22032022211930.webp,Artsoul
True,False,False,True,True,True,False,True,False,True,False,False,False,False,True,False,False,False,False,False,False,False,True,False,False,False,True,False,6660.0,10000.0,Ana Maria Farina,histérica #2,https://artsoul.nyc3.cdn.digitaloceanspaces.com/artworks/15421/1G3Q2DzGdpWXYU2ThEYbgd02052022143846.webp,Artsoul
True,False,False,False,False,False,False,False,False,False,False,False,False,False,False,False,False,False,False,True,False,False,False,False,False,False,True,False,15510.0,8500.0,Igor dos Santos,Plantas Invertidas,https://artsoul.nyc3.cdn.digitaloceanspaces.com/artworks/16093/xFEb5xuuUy6pdksfhpnUo510082022172943.webp,Artsoul
False,False,False,False,False,False,False,False,False,False,True,False,False,False,False,False,False,False,False,False,False,True,False,False,False,False,True,False,1200.0,1800.0,Cris Basile,SEM TITULO,https://artsoul.nyc3.cdn.digitaloceanspaces.com/artworks/16326/78VdqFWclWFQykHzKSAfqU16092022071605.webp,Artsoul
False,False,False,False,False,True,False,False,False,False,False,False,False,False,False,False,False,False,False,False,False,False,True,False,False,False,True,False,432.0,1050.0,Gabriel Kozlowski Aragão,Pessoas 3,https://artsoul.nyc3.cdn.digitaloceanspaces.com/artworks/16669/iEBFxPEwFJyjPlWpMpxxUZ20112022161157.webp,Artsoul
True,False,False,False,False,False,False,False,False,False,False,False,False,False,False,False,False,False,True,False,False,False,False,False,False,False,False,False,2000.0,3000.0,Isadora Kerexu,A harmonia do universo,https://artsoul.nyc3.cdn.digitaloceanspaces.com/artworks/736/2QzE1sNK7kOdHekUoqEH7822032022214950.webp,Artsoul
True,False,False,True,False,False,False,False,False,False,False,False,False,False,False,False,False,False,True,False,False,False,False,False,False,False,True,False,2000.0,7500.0,Mary Carmen Matias,Abstrações M35-2022,https://artsoul.nyc3.cdn.digitaloceanspaces.com/artworks/15540/jjDm5ImPurHmocYJSN2Ga012052022173539.webp,Artsoul
True,True,False,False,False,True,False,False,True,False,False,False,False,False,False,False,False,False,False,False,True,False,False,False,False,False,True,False,2000.0,2500.0,Regina Moura,Entranhas,https://artsoul.nyc3.cdn.digitaloceanspaces.com/artworks/5042/TGMzAjqxuC5MoIuqcU22lU23032022063747.webp,Artsoul
True,False,False,False,True,True,False,False,True,False,False,False,False,False,False,False,False,False,True,False,False,False,False,False,False,False,True,False,7000.0,4500.0,Roberto Tavares,Série “Territórios Suburbanos 8”,https://artsoul.nyc3.cdn.digitaloceanspaces.com/artworks/5235/iiTJiUFnfJtObGB3opjf0123032022064850.webp,Artsoul
True,False,False,False,False,False,False,False,False,False,False,False,False,False,False,False,False,False,False,False,True,False,False,False,False,False,True,False,625.0,3500.0,Sandra Passos,Viveiros da seda,https://artsoul.nyc3.cdn.digitaloceanspaces.com/artworks/1085/tppCRz8NOLJAVAJkuPopxv22032022232028.webp,Artsoul
True,False,False,False,False,False,False,False,False,False,False,False,False,False,False,False,False,False,False,False,False,False,False,False,True,False,False,False,4000.0,12250.0,MARCELO CONRADO,Do Outro Lado tem o Lado do Outro,https://artsoul.nyc3.cdn.digitaloceanspaces.com/artworks/15325/vhDxCRDP20j7BBaM2zRagc05042022115649.webp,Artsoul
True,False,False,False,False,False,False,False,False,False,False,False,False,False,False,False,False,False,False,False,False,False,False,False,True,False,False,False,12100.0,18550.0,ROGÉRIO GHOMES,Plaza Alemania,https://artsoul.nyc3.cdn.digitaloceanspaces.com/artworks/15326/s8azDmSFT8FyQprkMHfRfL05042022115923.webp,Artsoul
True,False,False,False,False,False,False,False,False,False,False,False,False,False,False,False,False,False,True,False,False,False,False,False,False,False,True,True,3000.0,3500.0,Gabriel Nehemy,Ferrugem Unlimited 5,https://artsoul.nyc3.cdn.digitaloceanspaces.com/artworks/16788/mCLrkbfjsY0NWAkAoLBFp629112022124633.webp,Artsoul
True,True,False,False,False,False,False,False,False,True,True,False,False,False,False,False,False,False,False,False,False,False,True,False,False,False,True,False,1189.0,4000.0,Teresa Berlinck,Temporada de Verão,https://artsoul.nyc3.cdn.digitaloceanspaces.com/artworks/5430/OfA0DZCWSwS0i3oqXA6QJn23032022070000.webp,Artsoul
True,True,True,False,True,False,False,True,False,False,True,True,True,True,True,True,False,True,False,False,False,False,False,False,True,False,True,False,600.0,2000.0,Renan Cepeda,Still Life,https://artsoul.nyc3.cdn.digitaloceanspaces.com/artworks/3129/G95CWB0ZGiR1KKxGoCkyvu23032022030755.webp,Artsoul
True,False,False,False,False,True,False,False,False,True,False,False,False,False,False,False,True,False,False,False,False,False,False,False,True,False,False,True,6600.0,7000.0,Mario Baptista,Errante,https://artsoul.nyc3.cdn.digitaloceanspaces.com/artworks/816/U3MjADZhTXpn4KoNyyUy9g22032022222252.webp,Artsoul
True,False,False,False,False,True,False,False,False,False,False,False,False,False,False,False,False,False,False,False,False,False,True,False,False,False,True,False,2809.0,4500.0,Lygia Eluf,"Rio das Almas, Cavalcante, GO",https://artsoul.nyc3.cdn.digitaloceanspaces.com/artworks/6759/XO6ami9YlXqwGWJw85jvuV23032022082222.webp,Artsoul
True,False,False,False,False,False,False,False,False,False,False,False,False,False,False,False,False,False,False,False,False,True,False,False,False,False,False,True,10000.0,8000.0,Carlota Mason,Jai Prakash Yantra I,https://artsoul.nyc3.cdn.digitaloceanspaces.com/artworks/17242/WGbnInPn0XrVpQIhbU5Pzt26032023184250.webp,Artsoul
True,False,False,False,False,False,False,False,False,False,False,False,False,False,False,False,False,False,False,False,False,False,True,False,False,False,True,False,10780.0,13000.0,Claudia Hamerski,Híbrido,https://artsoul.nyc3.cdn.digitaloceanspaces.com/artworks/3387/KdB59VX5MhZOCfYYZJ3yTM23032022033240.webp,Artsoul
True,False,False,False,False,False,False,False,False,True,True,False,False,False,False,False,False,False,False,True,False,False,False,False,False,False,False,True,1080.0,2000.0,Ana Kesselring,Madeira Mamoré,https://artsoul.nyc3.cdn.digitaloceanspaces.com/artworks/7571/soqROOBW7tYXv9mBnPksLI23032022101310.webp,Artsoul
False,False,False,False,False,False,False,False,False,True,False,False,False,False,False,False,True,False,False,False,False,False,False,False,True,False,True,False,33750.0,15000.0,Mario Baptista,Estaiada São Paulo,https://artsoul.nyc3.cdn.digitaloceanspaces.com/artworks/17636/3dUpoB2583eu9qod8vrzaJ15062023191407.webp,Artsoul
True,False,False,False,False,False,False,False,False,False,False,False,False,False,False,False,False,False,False,False,True,False,False,False,False,False,True,False,9000.0,5850.0,Gabriel Nehemy,Tempo Ferrugem 3,https://artsoul.nyc3.cdn.digitaloceanspaces.com/artworks/1570/OB5Weocqwx6PiLD5Yz4iks23032022004058.webp,Artsoul
True,True,False,False,False,False,False,False,False,False,False,False,False,False,False,False,False,False,False,True,False,False,False,False,False,False,False,True,825.0,2000.0,Magliani,Magliani - Bailado - Xilogravura,https://artsoul.nyc3.cdn.digitaloceanspaces.com/artworks/17451/1ZtADrBpH0Ff3WfviAxa8602052023155959.webp,Artsoul
True,True,False,False,True,True,False,False,False,False,False,False,False,False,False,False,False,False,False,False,False,False,True,False,False,False,False,True,2478.0,3000.0,Rosi Baetas,Corre,https://artsoul.nyc3.cdn.digitaloceanspaces.com/artworks/5228/huuEpd5yv2H2XDsYwUCQ4d23032022064827.webp,Artsoul
True,False,False,False,False,False,False,False,False,False,False,False,False,False,False,False,False,False,False,False,False,True,False,False,False,False,False,False,2255.0,2100.0,ANNETTE SKARBEK,Sem título,https://artsoul.nyc3.cdn.digitaloceanspaces.com/artworks/16999/pDX4spAkjJg4yDQOz2OVBW28012023125114.webp,Artsoul
True,True,False,False,False,False,False,False,False,False,False,False,False,False,False,False,False,False,False,True,False,False,False,False,False,False,False,True,1850.0,1500.0,Lucas Naganuma,Bus Window,https://artsoul.nyc3.cdn.digitaloceanspaces.com/artworks/6785/elkF3jcU7q3NT6BYcrhSNk09052023142755.webp,Artsoul
True,False,False,False,False,False,False,False,False,False,False,False,False,False,False,False,False,False,False,False,False,False,False,False,False,False,False,False,2500.0,5150.0,Cusco Rebel,Trip 3,https://artsoul.nyc3.cdn.digitaloceanspaces.com/artworks/1821/q1z2S6pLiTUDV4S3I9hZLF23032022005727.webp,Artsoul
False,False,True,False,False,False,False,False,False,False,False,False,False,False,False,False,False,False,False,False,False,False,False,True,False,False,False,True,8400.0,10000.0,Véio,Véio - A noiva - Escultura,https://artsoul.nyc3.cdn.digitaloceanspaces.com/artworks/12396/eaxZuDRSYOEDZjuDHX8z8823032022231628.webp,Artsoul
True,False,False,False,False,True,False,False,False,False,False,False,False,True,False,False,False,False,False,True,False,False,False,False,False,False,True,False,4900.0,15500.0,Eliana Anghinah,Circulares 13,https://artsoul.nyc3.cdn.digitaloceanspaces.com/artworks/285/EcBNtWEQoTiECpCqdwMvIZ22032022204312.webp,Artsoul
True,False,False,False,False,True,False,False,True,False,False,False,False,False,False,False,False,False,True,False,False,False,False,False,False,False,True,True,12000.0,7500.0,Lizete Zem,Lua das Sementes,https://artsoul.nyc3.cdn.digitaloceanspaces.com/artworks/5122/RzYuv3TrI1Ghp03tkvk7xq23032022064222.webp,Artsoul
True,False,False,False,False,True,False,False,False,False,False,False,False,False,False,False,False,False,False,True,False,False,False,False,False,False,True,False,3080.0,3000.0,Maria do Carmo Carvalho,Sem título,https://artsoul.nyc3.cdn.digitaloceanspaces.com/artworks/6733/ukW7aC4ysaKSP6MjLkY7Hk23032022082054.webp,Artsoul
True,False,True,False,False,True,False,False,True,False,False,False,False,False,False,False,False,False,True,False,False,False,False,False,False,False,True,False,4588.0,14265.0,Celina Nolli,s/ título 4,https://artsoul.nyc3.cdn.digitaloceanspaces.com/artworks/3491/kbO0GSZCI3gRKOFSaHGNKP23032022034328.webp,Artsoul
True,True,True,False,False,False,True,True,False,False,False,False,False,False,True,False,False,False,False,True,False,False,False,False,False,False,True,False,1558.0,2000.0,Claudio Caropreso,Sem título,https://artsoul.nyc3.cdn.digitaloceanspaces.com/artworks/4732/laeo44gVi4G1sWq4cERir123032022061259.webp,Artsoul
True,False,False,False,False,False,False,False,False,False,False,False,False,False,False,False,False,False,False,False,False,False,False,False,True,False,True,False,3750.0,8000.0,Rafael Adorján,DESDIDÁTICA 5,https://artsoul.nyc3.cdn.digitaloceanspaces.com/artworks/178/dqlXC2odehnlJaPl7vxL4e22032022201953.webp,Artsoul
True,False,False,False,False,False,False,False,False,False,False,False,False,False,False,False,False,False,False,False,True,False,False,False,False,False,False,True,8500.0,18000.0,Renato Leal,"Manifestações 1, da série Distorções",https://artsoul.nyc3.cdn.digitaloceanspaces.com/artworks/3196/34jqXdAjLIlAYg8rCteO8E23032022031445.webp,Artsoul
True,False,False,True,True,False,False,False,True,False,False,False,False,False,False,False,False,False,True,False,False,False,False,False,False,False,True,False,12000.0,10000.0,Mary Carmen Matias,Abstrações M24-2021,https://artsoul.nyc3.cdn.digitaloceanspaces.com/artworks/1671/BfsseCjdfJXqGpuzwk6gE923032022004741.webp,Artsoul
True,False,False,False,False,True,False,False,False,False,False,False,False,False,False,False,False,False,False,True,False,False,False,False,False,False,True,False,9720.0,4500.0,Helena Freddi,Sem título,https://artsoul.nyc3.cdn.digitaloceanspaces.com/artworks/6105/BfOhlSECbQMTYvzcJLPCgE23032022073716.webp,Artsoul
True,False,False,False,False,True,False,False,False,False,False,False,False,False,False,False,False,False,False,True,False,False,False,False,False,False,True,False,4056.0,2500.0,Renata Basile,"Latitude, Longitude",https://artsoul.nyc3.cdn.digitaloceanspaces.com/artworks/1923/GaV7ICEBLzqM93em3A6T8f23032022010529.webp,Artsoul
False,True,False,False,False,False,False,False,False,False,False,False,False,False,False,False,False,False,False,False,False,False,False,False,True,False,True,False,10800.0,6000.0,Marinho Neto,Marinho Neto - VELVET,https://artsoul.nyc3.cdn.digitaloceanspaces.com/artworks/15382/aaV6sCyz7PVVmxURQWYwv016042022113032.webp,Artsoul
True,False,True,False,False,False,False,False,False,False,False,False,False,False,False,False,True,False,True,False,False,False,False,False,False,False,True,False,30000.0,40000.0,Daniel Melim,R de Flor,https://artsoul.nyc3.cdn.digitaloceanspaces.com/artworks/10427/DeIE3daRwVvkcu9qtcGxgo23032022183516.webp,Artsoul
False,False,False,False,False,True,False,False,False,False,False,False,False,False,False,False,False,False,False,False,False,True,False,False,False,False,True,False,2478.0,1290.0,SANTACOSTA,"Pilhadass, N.11",https://artsoul.nyc3.cdn.digitaloceanspaces.com/artworks/15655/DmXKoqASDBc47prMKeycFT19052022124757.webp,Artsoul
True,False,False,False,False,True,False,False,False,False,False,False,False,False,False,False,False,False,False,False,False,False,False,False,True,False,True,False,10200.0,20000.0,Gabriel Nehemy,Sem Título,https://artsoul.nyc3.cdn.digitaloceanspaces.com/artworks/1539/1RIAtMG9f3XQoMltNTtCMq23032022003914.webp,Artsoul
False,False,False,False,False,True,False,False,False,False,False,False,False,False,False,False,False,False,False,True,False,False,False,False,False,False,True,False,3500.0,16000.0,Anna Bella Geiger,Visceral - Coração e outras coisas,https://artsoul.nyc3.cdn.digitaloceanspaces.com/artworks/6981/YvTgHAP5drqhFrZ7DNttyX23032022083626.webp,Artsoul
False,False,False,False,False,True,False,False,False,False,False,False,False,False,False,False,False,False,False,True,False,False,False,False,False,False,False,True,5670.0,5000.0,ROSSINI PEREZ,Tonsurada,https://artsoul.nyc3.cdn.digitaloceanspaces.com/artworks/510/4xXnuitrfM2UQW5AHjn8Uo22032022211937.webp,Artsoul
True,False,False,False,False,False,False,False,False,False,False,False,False,False,False,False,False,False,False,False,False,False,True,False,False,False,True,False,768.0,1250.0,Ana Cristina Teixeira,Terra Ardente,https://artsoul.nyc3.cdn.digitaloceanspaces.com/artworks/1159/FhoDnSpwzUVv8GrR5PfWA022032022233124.webp,Artsoul
False,False,False,False,False,True,False,False,False,False,False,False,False,False,False,False,False,False,False,False,False,False,False,False,True,False,False,True,15000.0,9800.0,Mario Baptista,Subway,https://artsoul.nyc3.cdn.digitaloceanspaces.com/artworks/17620/O2jQMOqcSWwyF5Soe2AnlF14062023193522.webp,Artsoul
True,False,False,False,False,False,False,False,False,False,False,False,False,False,False,False,False,False,False,False,False,True,False,False,False,False,False,False,3250.0,6150.0,CELSO ORSINI,Sem título,https://artsoul.nyc3.cdn.digitaloceanspaces.com/artworks/15840/S8dvNf0nZGOwNrHpOywgS618062022124713.webp,Artsoul
True,True,False,True,False,False,False,False,False,True,True,False,False,False,False,False,False,False,False,False,True,False,False,False,False,False,True,False,841.0,1000.0,Gilda Goulart,“As Rosas não Mentem”,https://artsoul.nyc3.cdn.digitaloceanspaces.com/artworks/5364/gFsBXo8YusqkyyTdYpYQq423032022065607.webp,Artsoul
False,False,False,False,False,False,False,False,False,False,True,False,False,False,False,False,False,False,True,False,False,False,False,False,False,False,True,False,10000.0,8000.0,Cris Basile,Flor II,https://artsoul.nyc3.cdn.digitaloceanspaces.com/artworks/16321/t8GVCOsgQl3lmA5J9UTIv814092022231249.webp,Artsoul
True,False,False,False,False,False,False,False,False,True,False,False,False,False,False,False,False,False,True,False,False,False,False,False,False,False,True,False,2500.0,4000.0,Anete Ring,Névoa de Nadas 2,https://artsoul.nyc3.cdn.digitaloceanspaces.com/artworks/2131/iMpme6M1E9pAuG5m4BSfva23032022012449.webp,Artsoul
True,False,False,False,False,True,False,False,False,False,False,False,False,True,False,False,False,False,False,True,False,False,False,False,False,False,True,False,5616.0,3000.0,Renata Basile,Sem título,https://artsoul.nyc3.cdn.digitaloceanspaces.com/artworks/7546/ql3cuJHhrmBZF0DwJugQyt23032022101125.webp,Artsoul
True,False,False,True,False,True,False,False,False,False,False,False,False,False,False,False,False,False,True,False,False,False,False,False,False,False,False,True,1200.0,900.0,Sa Passos,Com amor,https://artsoul.nyc3.cdn.digitaloceanspaces.com/artworks/17600/4YFbWyVA16Npx1UMRXJNiJ26052023193537.webp,Artsoul
True,False,False,False,False,False,False,False,False,False,False,False,False,False,False,False,False,False,False,True,False,False,False,False,False,False,True,False,2464.0,2000.0,Rita Manhães,Sebastião,https://artsoul.nyc3.cdn.digitaloceanspaces.com/artworks/17337/8qHb133YTqy0zKZWsXDlEM13042023171753.webp,Artsoul
True,False,False,False,False,False,False,False,False,False,False,False,False,False,False,False,False,False,True,False,False,False,False,False,False,False,True,False,8000.0,4000.0,Luísa Prestes,Composição com flores,https://artsoul.nyc3.cdn.digitaloceanspaces.com/artworks/3924/lNt6DrBZ7zwXR9wGQf3T4V23032022041950.webp,Artsoul
True,True,True,True,False,False,False,False,False,False,False,False,False,False,False,False,False,False,False,True,False,False,False,False,False,False,True,False,3008.0,2000.0,Claudio Caropreso,Tubainecola,https://artsoul.nyc3.cdn.digitaloceanspaces.com/artworks/2038/DTBpzRJ56Nj9MfaXiaWPxp23032022011727.webp,Artsoul
False,True,False,True,False,False,False,False,False,True,True,False,False,False,False,False,False,False,False,True,False,False,False,False,False,False,True,False,2067.0,3500.0,Francisco Rebolo,Sem título,https://artsoul.nyc3.cdn.digitaloceanspaces.com/artworks/5014/rmSkUAsKvAURax089smWPq12052023122456.webp,Artsoul
True,False,False,False,False,True,False,False,True,False,False,False,False,False,True,False,False,False,False,False,True,False,False,False,False,False,True,False,19600.0,15000.0,Lu Guedes,s/ título,https://artsoul.nyc3.cdn.digitaloceanspaces.com/artworks/4067/71sciZaFgLBw7LuJfKHTkz23032022042612.webp,Artsoul
False,False,False,True,False,False,False,False,False,True,True,False,False,False,True,False,False,False,False,True,False,False,False,False,False,False,True,False,2856.0,1800.0,Mariana Quito,Sem título,https://artsoul.nyc3.cdn.digitaloceanspaces.com/artworks/3362/PhSApNE6IpOoIWic5MxJXS23032022032959.webp,Artsoul
True,True,False,False,False,False,False,False,False,False,False,False,False,False,False,False,False,False,False,True,False,False,False,False,False,False,True,False,1260.0,1500.0,Márcio Elias,Âncora,https://artsoul.nyc3.cdn.digitaloceanspaces.com/artworks/6748/onyWueskDeRZX121LHykGv23032022082144.webp,Artsoul
True,False,False,False,False,True,False,False,False,False,False,False,False,False,False,False,False,False,False,False,False,False,False,False,True,False,True,False,12100.0,12000.0,Bruno Borne,Gravitas _Dia,https://artsoul.nyc3.cdn.digitaloceanspaces.com/artworks/16287/6axepArUzSnPRKzkJXs7Zq09092022180524.webp,Artsoul
True,False,False,False,False,False,False,False,False,False,False,False,False,False,False,False,False,False,True,False,False,False,False,False,False,False,True,False,9280.0,13000.0,Uiara Bartira,Che trompe tutto,https://artsoul.nyc3.cdn.digitaloceanspaces.com/artworks/1075/2zC1TBd2AtoJnuArVEflf222032022231954.webp,Artsoul
True,True,False,False,False,False,False,False,False,False,True,False,False,False,False,False,False,False,False,True,False,False,False,False,False,False,False,True,4209.0,4000.0,Ulysses Bôscolo,Sem título (Cachorro),https://artsoul.nyc3.cdn.digitaloceanspaces.com/artworks/5457/u04NUWBReXr19NW71MUJVk23032022070134.webp,Artsoul
True,False,False,False,False,True,False,False,False,False,False,False,False,True,False,False,False,False,False,True,False,False,False,False,False,False,False,True,4290.0,2500.0,Renata Basile,Fonte,https://artsoul.nyc3.cdn.digitaloceanspaces.com/artworks/9095/Iw16qhr6v49ny6gf1ocj6V23032022114432.webp,Artsoul
True,False,False,False,False,True,False,False,False,False,False,False,False,True,False,False,False,False,False,True,False,False,False,False,False,False,False,True,1650.0,4000.0,Marco Buti,Sem título (Ir),https://artsoul.nyc3.cdn.digitaloceanspaces.com/artworks/7456/wUw8ePD5tqAiLhsX5FCxF723032022100359.webp,Artsoul
True,True,False,False,False,False,False,False,False,False,False,False,False,False,False,False,False,False,False,True,False,False,False,False,False,False,False,True,759.0,2000.0,Magliani,Magliani - Fábula - Xilogravura,https://artsoul.nyc3.cdn.digitaloceanspaces.com/artworks/17462/U94V1bKD7ZOkEhhtgsNh8O02052023175026.webp,Artsoul
True,False,False,False,True,True,False,False,True,False,False,False,False,False,True,False,False,False,True,False,False,False,False,False,False,False,True,False,1064.0,2250.0,Rosângela Soares Pinto,Objeto Azul,https://artsoul.nyc3.cdn.digitaloceanspaces.com/artworks/5005/pRYIPIT73LQ0QlOSsCQ4ZU23032022063422.webp,Artsoul
False,True,False,False,True,False,True,False,True,True,True,False,False,False,False,False,False,False,False,False,False,False,False,False,True,False,False,True,8736.0,18000.0,Paulo Vainer,Movimento 2,https://artsoul.nyc3.cdn.digitaloceanspaces.com/artworks/14599/CPmibwVo3glVeXsdZagxdA24032022142906.webp,Artsoul
True,False,False,False,False,False,False,False,False,False,False,False,False,False,False,False,False,False,False,False,False,False,False,False,False,False,False,False,10000.0,15000.0,JOSÉ GONÇALVES,Composition I,https://artsoul.nyc3.cdn.digitaloceanspaces.com/artworks/1395/1gveqboaHppoRw9UnqQYPh23032022001600.webp,Artsoul
True,False,False,False,False,True,False,False,False,False,False,False,False,False,False,False,False,False,True,False,False,False,False,False,False,False,True,False,16800.0,20800.0,Adriana Conti Melo,Sem Título,https://artsoul.nyc3.cdn.digitaloceanspaces.com/artworks/15868/gpFCbNBjlZEW2V8jd8xUGH01072022171648.webp,Artsoul
True,True,False,False,False,True,False,False,True,True,True,False,False,False,False,False,False,False,True,False,False,False,False,False,False,False,True,False,4800.0,2850.0,Lizete Zem,Cebolas,https://artsoul.nyc3.cdn.digitaloceanspaces.com/artworks/5120/rICzYKbG0ZUqd9l9SeImlR23032022064216.webp,Artsoul
True,False,False,False,False,True,False,False,False,False,False,False,False,False,True,False,False,False,False,True,False,False,False,False,False,False,False,True,2475.0,2500.0,Paulo Camillo Penna,"Janela, Espelho",https://artsoul.nyc3.cdn.digitaloceanspaces.com/artworks/7554/5EF4cj1SbuN6ojpDWdKMy923032022101149.webp,Artsoul
True,True,False,False,False,False,False,False,False,False,True,False,False,False,False,False,False,False,False,True,False,False,False,False,False,False,False,True,4209.0,4000.0,Ulysses Bôscolo,Sem título,https://artsoul.nyc3.cdn.digitaloceanspaces.com/artworks/5459/xMO9hMW7ZhSYWQN7IIVYQU23032022070142.webp,Artsoul
True,False,False,False,False,False,False,False,False,False,False,False,False,False,False,False,False,False,True,False,False,False,False,False,False,False,True,False,1088.0,3000.0,Antonio Augusto Bueno,Sem título 5,https://artsoul.nyc3.cdn.digitaloceanspaces.com/artworks/10286/pLzzLPHyafqTP3jOofXd3k23032022182445.webp,Artsoul
True,False,False,False,False,True,False,False,False,False,False,False,False,False,False,False,False,False,False,False,False,False,False,False,True,False,True,False,12100.0,12000.0,Bruno Borne,Gravitas_Noite,https://artsoul.nyc3.cdn.digitaloceanspaces.com/artworks/16289/n9gVvQIFqWGnzq879C44Gm09092022181139.webp,Artsoul
False,False,False,False,False,False,False,False,False,False,False,False,False,False,False,False,False,False,False,False,False,False,False,False,False,False,False,False,1600.0,2000.0,AUGUSTO SAMPAIO,Componentes Gráficos (série),https://artsoul.nyc3.cdn.digitaloceanspaces.com/artworks/10236/kU8yAS5VTL51zOoYnoLqpe23032022182006.webp,Artsoul
True,False,False,False,False,True,False,False,False,False,False,False,False,False,False,False,False,False,False,False,False,False,True,False,False,False,True,False,5846.0,7500.0,Teresa Berlinck,Jardim das Tres Orelhas,https://artsoul.nyc3.cdn.digitaloceanspaces.com/artworks/5447/okyGzV4bsDU1O8fXx2E1N623032022070102.webp,Artsoul
True,False,False,False,False,False,False,False,False,False,False,False,False,False,False,False,False,False,False,False,False,True,False,False,False,False,False,False,4900.0,3450.0,ANA SERAFIN,Sem título,https://artsoul.nyc3.cdn.digitaloceanspaces.com/artworks/17502/rOn1fle8O4GmTuhm2TRmXp13052023125515.webp,Artsoul
False,False,False,False,False,True,False,False,False,False,False,False,False,False,False,False,False,False,True,False,False,False,False,False,False,False,True,False,4275.0,12000.0,Cabral,Cabral - sem título,https://artsoul.nyc3.cdn.digitaloceanspaces.com/artworks/17692/qCsGteAVnlXONcCS1aEY4S30062023142639.webp,Artsoul
False,False,False,False,False,False,False,False,False,False,True,False,False,False,False,False,False,False,False,False,False,False,False,True,False,False,False,True,768.0,3000.0,Marianita Linck,Marianita Linck - Cerâmica,https://artsoul.nyc3.cdn.digitaloceanspaces.com/artworks/12344/WfQg14w3czndi3qozZNYoT23032022231209.webp,Artsoul
True,False,False,False,False,True,False,False,False,False,False,False,False,False,False,False,False,False,True,False,False,False,False,False,False,False,True,False,6300.0,3500.0,Carmen Bello,Untitled,https://artsoul.nyc3.cdn.digitaloceanspaces.com/artworks/2395/pqoJiZuKnUpVHs3YIJa4D623032022014614.webp,Artsoul
True,False,True,False,True,True,False,False,True,False,False,False,False,False,True,False,False,False,False,False,True,False,False,False,False,False,True,True,2400.0,2000.0,Teresinha Mazzei,Onda Metálica,https://artsoul.nyc3.cdn.digitaloceanspaces.com/artworks/4358/qOb07hzntlcQRtNXDyMgja23032022044616.webp,Artsoul
True,False,False,False,False,False,False,False,False,False,False,False,False,False,False,False,False,False,True,False,False,False,False,False,False,False,True,False,12600.0,7800.0,Wagner Vidal,Insólito II,https://artsoul.nyc3.cdn.digitaloceanspaces.com/artworks/16899/LOrKyGskXYSDHdCEINhmlB17122022132513.webp,Artsoul
True,False,False,False,False,False,False,False,False,False,False,False,False,False,False,False,False,False,False,False,False,True,False,False,False,False,True,False,2000.0,3600.0,Lucas Quintas,Ilusão 22,https://artsoul.nyc3.cdn.digitaloceanspaces.com/artworks/16383/J86JRIC06LAFLhxrekuYsb28092022151331.webp,Artsoul
True,False,False,False,False,False,False,False,False,False,False,False,False,False,False,False,False,False,False,False,False,True,False,False,False,False,False,False,10000.0,5450.0,ADRIANA BRZEZINSKA,Sem título,https://artsoul.nyc3.cdn.digitaloceanspaces.com/artworks/16985/YQanqmQGdMfdZ2GcdDYE7s28012023112118.webp,Artsoul
True,False,False,False,False,False,False,False,False,False,False,False,False,False,False,False,False,False,True,False,False,False,False,False,False,False,False,False,7200.0,14800.0,IURI SARMENTO,Sem título,https://artsoul.nyc3.cdn.digitaloceanspaces.com/artworks/17357/PEQDxNr1f3KtvXkL8apEBo24042023170806.webp,Artsoul
True,False,False,False,False,False,False,False,False,False,False,False,False,False,False,False,False,False,False,False,True,False,False,False,False,False,True,False,588.0,2930.0,SANTACOSTA,Infantario Pareado,https://artsoul.nyc3.cdn.digitaloceanspaces.com/artworks/16188/qZw1yOnm8hj95n9nkPCKTb24082022195122.webp,Artsoul
True,True,False,False,False,False,False,False,False,False,False,False,False,False,False,False,False,False,False,True,False,False,False,False,False,False,False,True,1110.0,2500.0,Lucila Sartori,Cântico,https://artsoul.nyc3.cdn.digitaloceanspaces.com/artworks/1645/eci3ONFMbUFRB2F6DoqE0n23032022004544.webp,Artsoul
True,False,False,False,False,True,False,False,False,False,False,False,False,False,False,False,False,False,False,True,False,False,False,False,False,False,True,False,1170.0,1500.0,Norma Mobilon,"Janelas, Paisagem",https://artsoul.nyc3.cdn.digitaloceanspaces.com/artworks/4597/C1VUw2ph1q9y4AXyX73M5w23032022050206.webp,Artsoul
True,False,False,False,False,False,False,False,False,False,False,False,False,False,False,False,False,False,False,False,True,False,False,False,False,False,True,False,2200.0,1610.0,Nana Cunha,Orquídea Bambu,https://artsoul.nyc3.cdn.digitaloceanspaces.com/artworks/15684/XE08kHFklEWSWjUt0KBh0N27052022101912.webp,Artsoul
True,False,False,False,False,False,False,False,False,False,False,False,False,False,False,False,False,False,False,False,False,False,False,False,False,True,True,False,378.0,450.0,Vicente Duque Estrada,Queimada,https://artsoul.nyc3.cdn.digitaloceanspaces.com/artworks/1072/gvniK8LeDiSfZVpwLZ4wjC22032022231943.webp,Artsoul
True,True,False,False,False,False,False,False,False,False,False,False,False,False,False,False,False,False,True,False,False,False,False,False,False,False,True,False,15225.0,8000.0,Têre Finger,Têre Finger – pintura,https://artsoul.nyc3.cdn.digitaloceanspaces.com/artworks/17320/HsYZrrg5pRtvOlMD28Yaoh06042023160448.webp,Artsoul
False,False,False,False,True,False,False,False,False,False,False,False,False,False,False,False,False,False,True,False,False,False,False,False,False,False,True,False,1280.0,3800.0,Arnaldo Dias Baptista,sem nome,https://artsoul.nyc3.cdn.digitaloceanspaces.com/artworks/16698/ei6f71qRg1dlmUKvovqtQd22112022142300.webp,Artsoul
True,False,False,False,False,False,False,False,False,False,False,False,False,False,False,False,False,False,False,False,False,False,False,False,True,False,True,False,1419.0,900.0,Eliane Carrapateira,"De volta ao mar, com vestido rendado..., da série Quebra de regras",https://artsoul.nyc3.cdn.digitaloceanspaces.com/artworks/1138/81DZ0RhKu6qXy4K2sDNLpo22032022233007.webp,Artsoul
True,False,False,False,False,True,False,False,False,False,False,False,False,False,False,False,False,False,False,False,False,False,True,False,False,False,True,False,2809.0,4500.0,Lygia Eluf,"Rio das Almas, Cavalcante, GO .",https://artsoul.nyc3.cdn.digitaloceanspaces.com/artworks/6761/QM3kEfPLxp3ampxEwDjn7Q23032022082229.webp,Artsoul
True,False,False,False,False,False,False,False,False,False,False,False,False,False,False,False,False,False,True,False,False,False,False,False,False,False,True,False,1225.0,1400.0,Roberta Bottcher,Pimentão com Mexericas,https://artsoul.nyc3.cdn.digitaloceanspaces.com/artworks/949/x43DE5eBVaKbGKvlB1j3ES22032022224849.webp,Artsoul
True,True,True,False,True,False,False,False,True,False,False,False,False,False,False,False,False,False,False,False,False,False,True,False,False,False,False,True,2520.0,1700.0,Marcia C. Cavalcanti,Gibi,https://artsoul.nyc3.cdn.digitaloceanspaces.com/artworks/5294/21v1P6uKt2jXXqWHAtDUWq23032022065206.webp,Artsoul
True,False,False,False,False,True,False,False,False,False,False,False,False,False,False,False,False,False,False,True,False,False,False,False,False,False,True,False,1755.0,2000.0,Diô Viana,Sem título,https://artsoul.nyc3.cdn.digitaloceanspaces.com/artworks/6617/zMXnGV155bAas5uV1uRqDX23032022081356.webp,Artsoul
True,False,False,False,False,False,False,False,False,False,False,False,False,False,False,False,False,False,False,False,False,True,False,False,False,False,True,False,15504.0,6750.0,Ursula Tautz,Pindorama,https://artsoul.nyc3.cdn.digitaloceanspaces.com/artworks/9950/k7tG8kmZguF2oyC1P72xzB23032022180130.webp,Artsoul
True,False,False,False,False,True,False,False,False,False,False,True,False,False,False,False,False,False,False,False,False,True,False,False,False,False,True,False,18000.0,18000.0,Celina Nolli,Contraponto,https://artsoul.nyc3.cdn.digitaloceanspaces.com/artworks/17731/25VHhApUguRfI45ra6GiC310072023162938.webp,Artsoul
True,True,False,False,False,False,False,False,False,False,False,False,False,False,False,False,False,False,False,True,False,False,False,False,False,False,False,True,2400.0,3000.0,Lucila Sartori,Cântico,https://artsoul.nyc3.cdn.digitaloceanspaces.com/artworks/1646/8CPurewfcMJAcm3ll0OKpm23032022004548.webp,Artsoul
True,False,False,False,False,True,False,False,False,False,False,False,False,False,False,False,False,False,False,True,False,False,False,False,False,False,False,True,2964.0,2500.0,Renata Basile,Longitude,https://artsoul.nyc3.cdn.digitaloceanspaces.com/artworks/5372/q8TMhZJXUK6ubUSipX0GQe23032022065640.webp,Artsoul
False,True,False,False,False,False,False,False,False,False,False,True,False,False,False,False,False,False,True,False,False,False,False,False,False,False,True,False,962.0,600.0,Roberta Bottcher,Carambolas e crochê,https://artsoul.nyc3.cdn.digitaloceanspaces.com/artworks/931/zT1KAqANNb6Igs6EFZ0wdd22032022224611.webp,Artsoul
True,False,False,False,False,False,False,False,False,False,False,False,False,False,False,False,False,False,True,False,False,False,False,False,False,False,False,True,1200.0,4200.0,Pedro Diniz Kubitschek,Barranco I,https://artsoul.nyc3.cdn.digitaloceanspaces.com/artworks/36/R1S81fR9Rvk3ZKv8lh0zGy22032022195440.webp,Artsoul
True,False,False,False,False,True,False,False,True,False,False,False,False,False,False,False,False,False,False,False,False,True,False,False,False,False,False,True,1344.0,1750.0,José Rocha,Ressurreição,https://artsoul.nyc3.cdn.digitaloceanspaces.com/artworks/5130/JBXDgK6KQ4xBYXhFSY1dzW23032022064253.webp,Artsoul
True,True,False,False,False,False,False,False,False,False,False,False,False,False,False,False,False,False,False,True,False,False,False,False,False,False,False,True,651.0,2000.0,Ulysses Bôscolo,Linhas de Sangue,https://artsoul.nyc3.cdn.digitaloceanspaces.com/artworks/6354/ZihvTWJCi14Obxi9TtaryF23032022075623.webp,Artsoul
False,False,False,True,False,True,False,True,False,False,False,False,False,True,False,False,False,False,False,False,False,False,False,False,True,False,False,True,1600.0,1200.0,CAIO SIQUEIRA,Carbono 14 - 06,https://artsoul.nyc3.cdn.digitaloceanspaces.com/artworks/804/WuH5Cag33D63695GpVydSV22032022222211.webp,Artsoul
False,True,False,True,False,False,False,True,False,True,True,False,False,False,False,False,False,False,False,True,False,False,False,False,False,False,True,False,2014.0,2000.0,Hans Grudzinski,Os Amantes do Rio,https://artsoul.nyc3.cdn.digitaloceanspaces.com/artworks/15256/D5xUQfOV9OTdToEyuwHtNN01042022114552.webp,Artsoul
False,False,False,True,False,False,False,False,False,True,True,False,False,False,True,False,False,False,False,True,False,False,False,False,False,False,True,False,3192.0,1800.0,Mariana Quito,Sem título,https://artsoul.nyc3.cdn.digitaloceanspaces.com/artworks/3327/bnp353ojH45vtuNdZa41he23032022032655.webp,Artsoul
True,False,False,False,False,True,False,False,False,False,False,False,False,False,False,False,False,False,True,False,False,False,False,False,False,False,False,True,9000.0,5600.0,Flávia Ventura,Sem título,https://artsoul.nyc3.cdn.digitaloceanspaces.com/artworks/17497/VHRRfyzw6dXzy2aCVT566u09052023224538.webp,Artsoul
False,False,False,True,False,False,False,False,False,True,True,False,False,False,False,False,False,False,False,True,False,False,False,False,False,False,True,False,3975.0,1800.0,Mariana Quito,Pescadores,https://artsoul.nyc3.cdn.digitaloceanspaces.com/artworks/3322/MqoI8DRX4jvbh8geOlK3uD23032022032619.webp,Artsoul
False,True,False,False,False,True,False,False,False,True,False,False,True,False,False,False,False,False,False,False,False,False,False,False,True,False,False,True,625.0,1250.0,Lando Faria,Alhos Vedros,https://artsoul.nyc3.cdn.digitaloceanspaces.com/artworks/17736/0veGSFTKAKAsYV99lWsMCD10072023170035.webp,Artsoul
True,True,False,False,False,False,False,False,False,False,False,False,False,False,False,False,False,False,False,True,False,False,False,False,False,False,False,True,285.0,900.0,Iara Ribeiro,O Gato,https://artsoul.nyc3.cdn.digitaloceanspaces.com/artworks/1631/uU8N6lBCrAqIsMuzjXrjAw23032022004449.webp,Artsoul
False,True,False,False,True,False,False,False,True,False,True,False,False,False,False,False,False,False,False,False,False,False,False,False,True,False,True,False,4428.0,15000.0,Paulo Vainer,Dual #6,https://artsoul.nyc3.cdn.digitaloceanspaces.com/artworks/14619/4Chc5x0V6hKtB073UJfAa224032022143000.webp,Artsoul
False,False,False,False,False,False,False,False,False,False,False,False,False,False,False,False,False,False,True,False,False,False,False,False,False,False,True,False,11050.0,14000.0,Matias Mesquita,Às dezenove horas e cinquenta e três minutos do dia vinte e cinco de janeiro,https://artsoul.nyc3.cdn.digitaloceanspaces.com/artworks/2230/ejkV5FbZt4lDyUe4mKJkUY23032022013317.webp,Artsoul
True,False,False,False,False,True,False,False,False,False,False,False,False,False,False,False,False,False,False,True,False,False,False,False,False,False,True,False,3600.0,2500.0,AUGUSTO SAMPAIO,Sem título,https://artsoul.nyc3.cdn.digitaloceanspaces.com/artworks/1849/7CRaiO29oGvvQgYKZ3fu2W23032022005954.webp,Artsoul
True,False,False,False,False,False,False,False,False,True,True,False,False,False,False,False,False,False,False,False,False,False,False,False,True,False,True,True,16500.0,20000.0,Elaine Pessoa,Arabutã XIV,https://artsoul.nyc3.cdn.digitaloceanspaces.com/artworks/2879/adDUsCx9u4tR8QqHyWyI6k23032022022627.webp,Artsoul
True,True,False,False,True,False,False,False,True,False,False,False,True,False,False,False,False,True,False,False,False,False,False,False,True,False,True,True,3000.0,1100.0,Vicente Duque Estrada,Banho,https://artsoul.nyc3.cdn.digitaloceanspaces.com/artworks/5171/NxDnva82iADr0gJLN7WMgG23032022064516.webp,Artsoul
True,False,False,False,True,True,False,False,True,False,False,False,False,False,False,False,False,False,False,False,True,False,False,False,False,False,True,False,1710.0,4500.0,Léa Soibelman,Graphotáctil Guerreiro,https://artsoul.nyc3.cdn.digitaloceanspaces.com/artworks/5317/x8CfujpDtAQ8y6nOHU0IN023032022065326.webp,Artsoul
True,False,False,False,True,False,False,False,False,False,False,False,False,False,False,True,False,False,False,True,False,False,False,False,False,False,False,True,3500.0,3500.0,Décio Pignatari,Um Movimento,https://artsoul.nyc3.cdn.digitaloceanspaces.com/artworks/4818/hjbGaJNbVXDz4qj7xHRuqv23032022061936.webp,Artsoul
True,False,False,True,False,True,False,False,True,False,False,True,False,False,False,False,False,False,True,False,False,False,False,False,False,False,True,True,6300.0,7500.0,Uiara Bartira,Série IMPOSSIBILIDADES,https://artsoul.nyc3.cdn.digitaloceanspaces.com/artworks/4330/6R5KnLgO4KqbRkrIxYnqu323032022044435.webp,Artsoul
True,False,False,True,True,False,False,False,True,False,False,False,False,False,False,False,False,False,True,False,False,False,False,False,False,False,True,False,5400.0,8000.0,Mary Carmen Matias,Abstrações M22-2020,https://artsoul.nyc3.cdn.digitaloceanspaces.com/artworks/1670/NJDoCOjXtiGHcBNnrLOPut23032022004736.webp,Artsoul
False,False,False,False,False,True,False,False,False,False,False,False,False,False,False,False,False,False,True,False,False,False,False,False,False,False,True,False,22500.0,15000.0,Myriam Glatt,ABA 4,https://artsoul.nyc3.cdn.digitaloceanspaces.com/artworks/15389/raEB8fqEzF2ppmqCXlzAjm19042022113856.webp,Artsoul
True,True,False,True,True,True,False,False,True,True,False,False,False,False,False,False,False,False,True,False,False,False,False,False,False,False,True,True,1247.0,5000.0,Salazar de Figueiredo,Paisagem Escarlate,https://artsoul.nyc3.cdn.digitaloceanspaces.com/artworks/5216/49A4BRWDUaD0R4oOMeq5eK23032022064749.webp,Artsoul
False,False,False,False,False,False,False,False,False,False,False,False,False,False,False,False,False,False,False,False,False,False,False,False,True,False,False,False,704.0,1500.0,marianna cury,Peaches III,https://artsoul.nyc3.cdn.digitaloceanspaces.com/artworks/17585/CmUOwULMOAVwRslo7F9VX725052023153007.webp,Artsoul
True,False,False,False,False,True,False,False,False,False,False,False,False,False,False,False,False,False,False,True,False,False,False,False,False,False,False,True,3168.0,2000.0,Adriana Moreno,A Forma Má,https://artsoul.nyc3.cdn.digitaloceanspaces.com/artworks/5880/wKg9iQxSyJqlaqsVoKhP6z23032022072543.webp,Artsoul
True,False,False,True,True,True,False,False,True,False,False,False,False,True,True,False,False,False,False,False,False,False,True,False,False,False,False,True,14000.0,14400.0,Gustavo Aragoni,Sem título,https://artsoul.nyc3.cdn.digitaloceanspaces.com/artworks/17274/Q4hnrI2Ik2AIUaTZW9yvkb29032023161021.webp,Artsoul
True,False,False,False,False,False,False,False,False,True,True,False,False,False,False,False,False,False,False,True,False,False,False,False,False,False,True,False,900.0,4500.0,JACQUELINE ARONIS,Passagem,https://artsoul.nyc3.cdn.digitaloceanspaces.com/artworks/15999/aDkAeItTU5B345zTNIsllU05082022163820.webp,Artsoul
True,True,False,False,True,False,False,False,False,False,True,False,False,False,False,False,False,False,True,False,False,False,False,False,False,False,True,False,729.0,800.0,Roberta Bottcher,Pimentão Verde,https://artsoul.nyc3.cdn.digitaloceanspaces.com/artworks/16126/SrFIzNXprvnGGVVvVCffOG18082022142711.webp,Artsoul
True,False,False,False,False,False,False,False,False,False,False,False,False,False,False,False,False,False,True,False,False,False,False,False,False,False,True,False,588.0,1100.0,Carla Petrini,221160,https://artsoul.nyc3.cdn.digitaloceanspaces.com/artworks/1335/2Plax4bmsj4oxutNbqGGCu23032022001223.webp,Artsoul
True,False,False,False,False,True,False,False,False,False,False,False,False,False,False,False,False,False,False,True,False,False,False,False,False,False,False,True,1218.0,2000.0,Adriana Moreno,A Forma Má,https://artsoul.nyc3.cdn.digitaloceanspaces.com/artworks/5855/jMjNgUKCNGrMNyLD1s2Mqe23032022072420.webp,Artsoul
True,True,False,False,False,False,False,False,False,False,True,False,False,False,False,False,False,False,False,True,False,False,False,False,False,False,False,True,4332.0,3500.0,Sheila Goloborotko,Série Piedra Múcara,https://artsoul.nyc3.cdn.digitaloceanspaces.com/artworks/6881/zjbwAac9E3oyUitaBddFt023032022083041.webp,Artsoul
True,True,True,False,True,False,False,False,False,True,False,True,True,True,True,False,False,False,False,False,False,False,False,False,True,False,True,False,400.0,2000.0,Renan Cepeda,Cunhado do Valdemar,https://artsoul.nyc3.cdn.digitaloceanspaces.com/artworks/10603/UOLVMVARD6aGpa2fIwJIzA23032022184556.webp,Artsoul
True,False,False,True,False,True,False,False,True,False,False,False,False,False,False,False,False,False,True,False,False,False,False,False,False,False,True,False,4588.0,14265.0,Celina Nolli,s/ título 5,https://artsoul.nyc3.cdn.digitaloceanspaces.com/artworks/3490/RWh3J8GSqSIXViMvfHW1um23032022034324.webp,Artsoul
True,False,False,True,True,True,False,False,True,False,False,False,False,False,False,False,False,False,True,False,False,False,False,False,False,False,True,False,5000.0,12000.0,Mary Carmen Matias,Abstrações M17-2019,https://artsoul.nyc3.cdn.digitaloceanspaces.com/artworks/4803/R3y3o8TQC1c91rIihbCAGu23032022061835.webp,Artsoul
True,False,False,False,True,True,False,False,True,False,True,False,False,False,False,False,False,False,False,False,False,True,False,False,False,False,True,True,2666.0,3550.0,Maria Perdigão,Ânfora,https://artsoul.nyc3.cdn.digitaloceanspaces.com/artworks/5085/T3sXvh6wldtJMrY3TY7rFM23032022064018.webp,Artsoul
True,False,False,False,True,True,False,False,False,False,False,False,False,True,False,False,False,False,False,False,False,False,True,False,False,False,True,True,800.0,3800.0,Patricia Borges,As Dissolutas,https://artsoul.nyc3.cdn.digitaloceanspaces.com/artworks/16980/ZuWauzG3o4HxnmQuJOwXkP27012023164804.webp,Artsoul
True,False,False,False,False,True,False,False,False,False,False,False,False,False,False,False,False,False,False,True,False,False,False,False,False,False,False,True,16000.0,6000.0,AUGUSTO SAMPAIO,Prováveis,https://artsoul.nyc3.cdn.digitaloceanspaces.com/artworks/1851/InPwQN32xAkR1FcfKEZ64i23032022010000.webp,Artsoul
True,False,False,True,False,True,False,False,False,False,False,False,False,False,False,False,True,False,False,False,False,False,False,False,True,False,True,False,21600.0,13000.0,Mario Baptista,Colors,https://artsoul.nyc3.cdn.digitaloceanspaces.com/artworks/809/lSMTJtRH4aSCb7MMgzBLmm22032022222228.webp,Artsoul
True,False,False,False,False,False,False,False,False,True,True,False,False,False,False,False,False,False,False,True,False,False,False,False,False,False,True,False,900.0,4500.0,JACQUELINE ARONIS,Passagem,https://artsoul.nyc3.cdn.digitaloceanspaces.com/artworks/10257/tte03D8KGTGGooiJikhx9221072022160719.webp,Artsoul
True,False,False,False,False,True,False,False,False,False,False,False,False,True,False,False,False,False,False,True,False,False,False,False,False,False,False,True,3024.0,2400.0,Grazi Azevedo,Deriva 1,https://artsoul.nyc3.cdn.digitaloceanspaces.com/artworks/4237/lZdLrCF6JUfJaCnqoh9DFS23032022043842.webp,Artsoul
True,False,False,False,False,False,False,False,False,False,False,False,False,False,False,False,False,False,True,False,False,False,False,False,False,False,True,False,2035.0,3850.0,Renato Dib,Coccon n. 1,https://artsoul.nyc3.cdn.digitaloceanspaces.com/artworks/254/n7IY5j1aRTXwPAL2yB5umy22032022203841.webp,Artsoul
True,True,False,False,False,False,True,False,False,False,True,False,False,False,False,False,False,False,False,False,False,False,True,False,False,False,True,False,1353.0,4500.0,Teresa Berlinck,"Vernacular, Livro Aberto",https://artsoul.nyc3.cdn.digitaloceanspaces.com/artworks/6714/DxaOrQCqIS97lYz06cqK6S23032022081943.webp,Artsoul
False,False,False,False,False,True,False,False,False,False,False,False,False,False,False,False,False,False,False,True,False,False,False,False,False,False,True,False,2400.0,3000.0,Diô Viana,1608X,https://artsoul.nyc3.cdn.digitaloceanspaces.com/artworks/9193/LjIJxGz9D0lgWCZUkH5QMc23032022115046.webp,Artsoul
True,False,False,False,False,True,False,False,False,False,False,False,False,False,False,False,False,False,False,True,False,False,False,False,False,False,True,False,3750.0,2500.0,André Yassuda,Sem título,https://artsoul.nyc3.cdn.digitaloceanspaces.com/artworks/6148/Sju7JLeRbnapNnAJtm9FtD23032022073948.webp,Artsoul
True,False,False,False,False,False,False,False,False,False,False,False,False,False,False,False,False,False,True,False,False,False,False,False,False,False,False,True,20900.0,35000.0,Claudia Melli,A Cainho do mar,https://artsoul.nyc3.cdn.digitaloceanspaces.com/artworks/968/ItwKAzpynXRq9OEKvYx3CK22032022225039.webp,Artsoul
False,True,True,False,False,False,True,False,False,False,False,False,False,False,False,False,False,False,False,False,False,False,True,False,False,False,True,False,900.0,1900.0,Luciano Cian,Plano #5,https://artsoul.nyc3.cdn.digitaloceanspaces.com/artworks/17724/yQ4RaMM7MXlUjPmXP3TBxo10072023082839.webp,Artsoul
True,False,False,False,False,False,False,False,False,False,False,False,False,False,False,False,False,False,False,False,False,False,False,True,False,False,True,False,2040.0,6800.0,Renato Dib,Gravatas bêbadas 2,https://artsoul.nyc3.cdn.digitaloceanspaces.com/artworks/243/ybr0m4gszXCSm4zFYPuKIT22032022203618.webp,Artsoul
True,True,False,False,False,False,False,False,False,False,False,False,False,False,False,False,False,False,False,False,False,False,False,False,True,False,True,False,4900.0,7500.0,Regina Carmona,Prayer I,https://artsoul.nyc3.cdn.digitaloceanspaces.com/artworks/4257/mFB7s4uUSIVnbk7cKhEmA523032022043950.webp,Artsoul
True,False,False,False,False,False,False,False,False,False,False,False,False,False,False,False,False,False,False,False,True,False,False,False,False,False,True,False,2784.0,1880.0,Nana Cunha,Bismarckia,https://artsoul.nyc3.cdn.digitaloceanspaces.com/artworks/15691/leSwSmCvsbqTuN7RnYuzTm27052022104401.webp,Artsoul
True,False,False,False,False,True,False,False,False,False,False,False,False,False,False,False,False,False,False,True,False,False,False,False,False,False,False,True,4225.0,7000.0,JACQUELINE ARONIS,Terra de Sombras,https://artsoul.nyc3.cdn.digitaloceanspaces.com/artworks/1917/w4MGnXjNetFtDOHun7WbbI23032022010509.webp,Artsoul
False,False,False,False,True,False,False,False,True,False,False,False,False,True,False,False,False,False,False,False,False,True,False,False,False,False,True,False,2250.0,5000.0,Carlos Matos,Tapete Vermelho,https://artsoul.nyc3.cdn.digitaloceanspaces.com/artworks/537/KkZrzkWFlzgjuw94XEpdyP22032022212122.webp,Artsoul
True,True,False,False,False,False,False,False,False,False,False,True,False,False,False,False,False,False,False,False,False,False,True,False,False,False,False,True,2000.0,1400.0,Roberta Bottcher,Bromélias de Paraty,https://artsoul.nyc3.cdn.digitaloceanspaces.com/artworks/945/xbct2tOh0zvZ3SDc6oCuXy22032022224822.webp,Artsoul
True,False,False,False,False,False,False,False,False,False,False,False,False,False,False,False,False,False,False,False,False,False,False,False,True,False,False,False,2400.0,2500.0,Grupo ENTRE ASPAS,"Sem título (série Monumentos), Ed. 3 + 2 PA Registro de Intervenções e Esculturas Urbanas 2006-2019, Belo Horizonte",https://artsoul.nyc3.cdn.digitaloceanspaces.com/artworks/15970/yBTbL9Cc0ce8QGcakfmGYu29072022190351.webp,Artsoul
True,False,False,False,False,True,False,False,False,False,False,False,False,False,False,False,False,False,True,False,False,False,False,False,False,False,True,False,5600.0,4500.0,Julia Pereira,O fundo da piscina,https://artsoul.nyc3.cdn.digitaloceanspaces.com/artworks/15731/zFmEVzyjsDkckN3trA4P2t31052022154753.webp,Artsoul
True,False,False,False,False,False,False,False,False,False,False,False,False,False,False,False,False,False,False,False,False,False,True,False,False,False,True,False,25840.0,18000.0,Claudia Hamerski,Bom Fim,https://artsoul.nyc3.cdn.digitaloceanspaces.com/artworks/14214/7oZzCErV6M7WVmuyT4cnie24032022004606.webp,Artsoul
True,False,False,False,False,False,False,False,False,True,True,False,False,False,False,False,False,False,False,True,False,False,False,False,False,False,False,True,754.0,1800.0,Ana Kesselring,Sem título,https://artsoul.nyc3.cdn.digitaloceanspaces.com/artworks/7570/ednJ9pE2vc3CBybwkeiOxq23032022101307.webp,Artsoul
True,False,False,False,False,True,False,False,False,False,False,False,False,True,False,False,False,False,False,True,False,False,False,False,False,False,False,True,1200.0,4000.0,Marco Buti,Sem título (ficar),https://artsoul.nyc3.cdn.digitaloceanspaces.com/artworks/7459/lEizlP8zvrK0eiE3WspXxc23032022100409.webp,Artsoul
True,True,False,False,False,True,False,False,False,True,True,False,False,False,False,False,False,False,True,False,False,False,False,False,False,False,True,False,7623.0,5000.0,Sissi Kleuser,Vivências 3,https://artsoul.nyc3.cdn.digitaloceanspaces.com/artworks/4989/NZolA1ClaStoXk091bGE2R23032022063307.webp,Artsoul
True,False,False,False,False,False,False,False,False,False,False,False,False,False,False,False,False,False,False,False,False,False,False,False,False,False,True,False,11782.0,9800.0,Anete Ring,Horizonte em movimento,https://artsoul.nyc3.cdn.digitaloceanspaces.com/artworks/798/1Itd75MZFfo3z6PsVAYcK022032022222144.webp,Artsoul
True,False,False,False,False,False,False,False,False,False,False,False,False,False,False,False,False,False,True,False,False,False,False,False,False,False,True,False,3000.0,3500.0,Gabriel Nehemy,Ferrugem Unlimited 4,https://artsoul.nyc3.cdn.digitaloceanspaces.com/artworks/16787/2TKvO7kIJTbqWgt43DA39B29112022124554.webp,Artsoul
True,False,False,False,False,False,False,False,False,False,False,False,False,False,False,False,False,False,True,False,False,False,False,False,False,False,False,False,4800.0,4450.0,JULIANE FUGANTI,La Vie in Rose,https://artsoul.nyc3.cdn.digitaloceanspaces.com/artworks/1413/4JRcCX41Uxb26ai0CgvAlq23032022001703.webp,Artsoul
True,False,False,False,False,False,False,False,False,False,False,False,False,False,False,False,False,False,True,False,False,False,False,False,False,False,True,False,4500.0,5500.0,Gabriel Nehemy,Extended I,https://artsoul.nyc3.cdn.digitaloceanspaces.com/artworks/16785/5xcxAMsqHkJildsaw1MIc129112022124347.webp,Artsoul
True,True,False,False,False,False,False,False,False,False,False,False,False,False,True,False,False,False,False,True,False,False,False,False,False,False,True,False,651.0,2000.0,Ulysses Bôscolo,Linhas de Sangue,https://artsoul.nyc3.cdn.digitaloceanspaces.com/artworks/6347/pqbOhE39dDIaDaK7avidGb23032022075603.webp,Artsoul
True,False,False,False,False,False,False,False,False,False,False,False,False,False,False,False,False,False,False,False,False,True,False,False,False,False,True,False,1500.0,7000.0,Lucas Quintas,Perdas,https://artsoul.nyc3.cdn.digitaloceanspaces.com/artworks/16385/Zf2v1yQLcJtyviuXj1qKSF28092022151848.webp,Artsoul
False,False,False,False,False,False,False,False,False,False,False,False,False,False,False,False,False,False,True,False,False,False,False,False,False,False,False,False,1600.0,3000.0,Ione Reis,Luzia,https://artsoul.nyc3.cdn.digitaloceanspaces.com/artworks/728/fZf8YQ9toZyKDmSfCXbrjP22032022214920.webp,Artsoul
True,True,False,False,False,False,False,False,False,False,False,False,False,False,False,False,False,False,False,True,False,False,False,False,False,False,True,False,1170.0,1500.0,Norma Mobilon,Da série Sorriso,https://artsoul.nyc3.cdn.digitaloceanspaces.com/artworks/4595/ttVMufM0STRQIOYUpjn3O123032022050200.webp,Artsoul
True,False,False,False,False,True,False,False,False,False,False,False,False,True,False,False,False,False,False,True,False,False,False,False,False,False,False,True,3024.0,2400.0,Grazi Azevedo,Totem 1,https://artsoul.nyc3.cdn.digitaloceanspaces.com/artworks/4235/KCLuNVts5qNbeasRuYMySq23032022043836.webp,Artsoul
True,False,False,False,False,True,False,False,False,False,False,False,False,True,False,False,False,False,True,False,False,False,False,False,False,False,False,True,8400.0,7220.0,Marina Rodrigues,Hoje Cedo,https://artsoul.nyc3.cdn.digitaloceanspaces.com/artworks/1059/5os85gZzEP3zgf7i5JTlc722032022231654.webp,Artsoul
True,True,False,False,True,True,False,False,True,False,False,True,False,False,False,False,False,False,False,False,False,False,False,False,True,False,True,True,1024.0,900.0,Maria Cherman,“Ensaio para um desejo concreto II”,https://artsoul.nyc3.cdn.digitaloceanspaces.com/artworks/5281/nCBibW5NJ3gCCCUtKgya6E23032022065126.webp,Artsoul
True,False,False,False,False,True,False,False,False,False,False,False,False,False,False,False,False,False,True,False,False,False,False,False,False,False,True,False,2500.0,900.0,Lucia Lyra,S/ titulo,https://artsoul.nyc3.cdn.digitaloceanspaces.com/artworks/5116/rcKlhIX7FWKbQ9tkvf261u23032022064202.webp,Artsoul
True,False,True,False,True,True,False,False,True,False,False,False,False,False,False,True,False,False,False,False,False,False,False,True,False,False,True,True,1800.0,1750.0,Miro PS,Arqueologia do futuro,https://artsoul.nyc3.cdn.digitaloceanspaces.com/artworks/5070/aBMECero0IsXBbbA7ZvMgf23032022063926.webp,Artsoul
True,True,False,False,False,False,True,True,False,False,False,False,False,False,False,False,False,False,True,False,False,False,False,False,False,False,True,False,1200.0,5000.0,Adams Carvalho,Sem título,https://artsoul.nyc3.cdn.digitaloceanspaces.com/artworks/4762/VPrRH4ew7kEgs7hkQO70cs23032022061524.webp,Artsoul
True,False,False,False,False,False,False,False,False,False,False,False,False,False,False,False,False,False,False,True,False,False,False,False,False,False,True,False,22149.0,11924.0,Cristina Canepa,"Série Germinar, Gene",https://artsoul.nyc3.cdn.digitaloceanspaces.com/artworks/16213/xJzxzyObX7OjJdPTV2QVEh25082022164143.webp,Artsoul
False,False,False,False,False,False,False,False,False,False,True,False,False,False,False,False,False,False,False,False,False,False,False,True,False,False,False,True,10720.0,30000.0,ITELVINO JAHN,Itelvino Jahn - Escultura,https://artsoul.nyc3.cdn.digitaloceanspaces.com/artworks/12206/hjWbjGTwqk5HqrVFDUhBJZ23032022230050.webp,Artsoul
False,False,False,False,True,False,False,False,False,False,True,False,False,False,False,False,False,False,False,False,False,False,False,False,True,False,True,False,5400.0,2600.0,marianna cury,Marola,https://artsoul.nyc3.cdn.digitaloceanspaces.com/artworks/16268/IatSzJ7vr9LgbuZxNHGMUG24102022155532.webp,Artsoul
True,False,False,False,False,False,False,False,False,False,False,False,False,False,False,False,False,False,False,False,True,False,False,False,False,False,True,False,2120.0,3850.0,Renato Dib,Cocoon n.7,https://artsoul.nyc3.cdn.digitaloceanspaces.com/artworks/3461/c9lQHq9bgrJYLMuuDgKnVp23032022033840.webp,Artsoul
True,True,False,False,False,False,False,False,False,False,False,False,False,False,False,False,False,False,False,True,False,False,False,False,False,False,False,True,551.0,1100.0,Iara Ribeiro,Companhia,https://artsoul.nyc3.cdn.digitaloceanspaces.com/artworks/1629/m3GqSQPzFYL0E9zUAscYmi23032022004443.webp,Artsoul
True,False,False,False,False,True,False,False,False,False,False,False,False,False,False,False,False,False,False,True,False,False,False,False,False,False,True,False,841.0,1200.0,Lygia Eluf,Sem título,https://artsoul.nyc3.cdn.digitaloceanspaces.com/artworks/7472/SliK0MEMHUuKkXBlZgKIpc23032022100454.webp,Artsoul
True,False,True,False,False,True,False,False,False,True,True,False,False,False,True,False,False,False,True,False,False,False,False,False,False,False,True,False,26875.0,10200.0,Bruno Lyra,Luz de Outono,https://artsoul.nyc3.cdn.digitaloceanspaces.com/artworks/17575/rQLWpr2SFBlypAP02xyRfk24052023091806.webp,Artsoul
True,False,True,False,True,True,False,False,True,False,False,False,False,False,False,False,False,False,True,False,False,False,False,False,False,False,True,False,30600.0,12900.0,Isabella Marinho,s/ título,https://artsoul.nyc3.cdn.digitaloceanspaces.com/artworks/5347/gwwvPfaGxb0tB2scQjhI6123032022065511.webp,Artsoul
True,True,False,False,False,False,False,False,False,False,False,False,False,False,False,False,False,False,False,True,False,False,False,False,False,False,False,True,3136.0,1800.0,Francisco Maringelli,O Ursinho Atônito,https://artsoul.nyc3.cdn.digitaloceanspaces.com/artworks/2199/FkK0YiVvtudGVsE04I0SIu23032022013041.webp,Artsoul
True,False,False,False,False,True,False,False,False,False,False,False,False,False,False,False,False,False,False,True,False,False,False,False,False,False,True,False,2288.0,2500.0,Biba Rigo,Mundos 2,https://artsoul.nyc3.cdn.digitaloceanspaces.com/artworks/4544/rODuj2VwvN2M9keNIBmvMO23032022045851.webp,Artsoul
True,False,False,False,False,False,True,False,False,False,False,False,False,False,True,False,False,False,False,True,False,False,False,False,False,False,True,False,2301.0,3500.0,Julio Castro,"Sem título, da série Retratos de Ninguém, d´après Magliani",https://artsoul.nyc3.cdn.digitaloceanspaces.com/artworks/17475/PjvUjEoXGPD6jmoukClZYL03052023121309.webp,Artsoul
True,False,False,False,False,True,False,False,False,False,False,False,False,False,False,False,False,False,True,False,False,False,False,False,False,False,True,False,936.0,4500.0,Paulo Camillo Penna,"Constelações,tecido",https://artsoul.nyc3.cdn.digitaloceanspaces.com/artworks/15771/Z4aotQz1zXxeecCfW4XTil07062022162222.webp,Artsoul
True,False,False,False,False,False,False,False,False,False,False,False,False,False,False,False,False,False,True,False,False,False,False,False,False,False,True,False,630.0,1500.0,Gabriel Borba,Chuvisco,https://artsoul.nyc3.cdn.digitaloceanspaces.com/artworks/1017/UJR9ejie7QCbbYELPZnX2R22032022230517.webp,Artsoul
True,False,False,False,False,False,False,False,False,True,False,False,False,False,False,False,False,False,False,False,False,False,False,False,True,False,True,False,3600.0,7500.0,André Lichtenberg,"8h57 AM, Tamworth",https://artsoul.nyc3.cdn.digitaloceanspaces.com/artworks/8679/WjBJAppZU95m7lcDh4sQXc23032022111937.webp,Artsoul
False,False,False,False,False,False,False,False,False,False,False,False,False,False,False,False,False,False,False,False,False,False,False,True,False,False,False,False,6050.0,7800.0,Claudia Kayat,Gota#01,https://artsoul.nyc3.cdn.digitaloceanspaces.com/artworks/2501/21UE2MVL8ni30vkjNpM1kt23032022015444.webp,Artsoul
True,True,False,False,False,False,False,False,False,True,True,False,False,False,False,False,False,False,False,True,False,False,False,False,False,False,True,False,690.0,1000.0,Biba Rigo,Jequitibá,https://artsoul.nyc3.cdn.digitaloceanspaces.com/artworks/4291/NbKSlLOaMLvOS8jU997i7D23032022044200.webp,Artsoul
False,False,False,False,False,False,False,False,False,False,False,False,False,False,False,False,False,False,False,False,False,False,False,True,False,False,False,False,2695.0,4800.0,Dalton Costa,Dalton Costa - Assemblage,https://artsoul.nyc3.cdn.digitaloceanspaces.com/artworks/12142/s2ogJtvkInc08Nf1QawU5v23032022200728.webp,Artsoul
True,False,False,False,False,False,False,False,False,False,False,False,False,False,False,False,False,False,True,False,False,False,False,False,False,False,True,False,7000.0,3500.0,Luísa Prestes,Cavalo Louco Sonha seu Destino,https://artsoul.nyc3.cdn.digitaloceanspaces.com/artworks/3922/zCsMniT5RvyKXJe2cIfRgF23032022041919.webp,Artsoul
False,False,False,False,False,False,False,False,False,False,False,False,False,False,False,False,False,False,False,False,False,False,False,True,False,False,False,False,748.0,4400.0,Daniela Cutait,Contra Mal Olhado Eu Carrego Meu Patuá,https://artsoul.nyc3.cdn.digitaloceanspaces.com/artworks/17571/QAP0CnBdRl3W2bSoB0KzQy22052023184953.webp,Artsoul
True,True,False,False,False,False,False,False,False,False,False,False,False,False,False,False,False,False,False,False,True,False,False,False,False,False,True,False,6400.0,15000.0,Magliani,Magliani - Técnica mista,https://artsoul.nyc3.cdn.digitaloceanspaces.com/artworks/17473/S1gxW25MzdS5ynnt23470W02052023183511.webp,Artsoul
False,False,False,False,False,False,False,False,False,True,True,False,False,False,False,False,False,False,False,False,False,False,False,False,True,False,False,True,2700.0,15000.0,Elaine Pessoa,Los Cerros XXII,https://artsoul.nyc3.cdn.digitaloceanspaces.com/artworks/9363/kMoWF1J6IIDS8boKHiLOur23032022120311.webp,Artsoul
True,False,False,False,False,False,False,False,False,False,False,False,False,True,False,False,False,False,False,False,False,False,False,False,True,False,True,False,5040.0,4700.0,Ana Leal,Interlúdios # 12,https://artsoul.nyc3.cdn.digitaloceanspaces.com/artworks/746/zyPtJCanZwtlQGwa2RanW722032022215028.webp,Artsoul
True,False,False,False,False,False,False,False,False,False,False,False,False,False,False,False,False,False,False,False,False,True,False,False,False,False,False,False,5600.0,13350.0,ZIMMERMANN,Embrulho cinza e preto,https://artsoul.nyc3.cdn.digitaloceanspaces.com/artworks/17761/kGcaZXwlAQH50gAP4jOcX024072023162010.webp,Artsoul
True,False,False,False,False,False,False,False,False,True,False,False,False,False,False,False,False,False,False,False,False,False,False,False,True,False,True,False,9600.0,8800.0,Mario Baptista,Lagoa,https://artsoul.nyc3.cdn.digitaloceanspaces.com/artworks/345/NeERcsHSMXewbPQdgBcUEr22032022210245.webp,Artsoul
True,False,False,False,True,True,False,False,True,True,True,False,False,False,False,False,False,False,False,False,False,False,False,False,True,False,False,True,3888.0,1897.0,Rose Aguiar,Quarentena 2,https://artsoul.nyc3.cdn.digitaloceanspaces.com/artworks/4399/oh81AjUrTeeJXKfUc33jbv23032022044844.webp,Artsoul
True,False,False,False,False,True,False,False,True,False,False,False,False,False,False,False,False,False,False,False,True,False,False,False,False,False,True,False,3364.0,9000.0,Lu Guedes,s/ título,https://artsoul.nyc3.cdn.digitaloceanspaces.com/artworks/4060/nEteSvhqpxqnh31U0mKZmX23032022042547.webp,Artsoul
True,True,False,False,False,False,False,False,False,False,False,False,False,False,False,False,False,False,False,True,False,False,False,False,False,False,True,False,400.0,1000.0,Helena Freddi,da série Pequenos Vícios,https://artsoul.nyc3.cdn.digitaloceanspaces.com/artworks/6099/ObTvy8j6KSXG4V0ulCO34823032022073656.webp,Artsoul
True,False,False,False,True,False,False,False,False,False,True,False,False,False,False,False,False,False,False,True,False,False,False,False,False,False,False,True,1476.0,3500.0,Marcelo Moscheta,Libélula,https://artsoul.nyc3.cdn.digitaloceanspaces.com/artworks/17594/Bz2CuqGWP5WzaKZICJToJd26052023154602.webp,Artsoul
